[{
	"Reservation": "Reservation 1",
	"ReservationItem": "ReservationItem 1",
	"ManufacturingOrderOperation": "ManufacturingOrderOperation 1",
	"ManufacturingOrderSequence": "ManufacturingOrderSequence 1",
	"ManufacturingOrder": "ManufacturingOrder 1",
	"ManufacturingOrderCategory": "ManufacturingOrderCategory 1",
	"ManufacturingOrderType": "ManufacturingOrderType 1",
	"ProductionPlant": "ProductionPlant 1",
	"Material": "Material 1",
	"MaterialName": "MaterialName 1",
	"__metadata": {
		"uri": "C_MfgOrderOperationMissingComp(Reservation='Reservation%201',ReservationItem='ReservationItem%201')",
		"type": "PP_MPE_OPER_MANAGE.C_MfgOrderOperationMissingCompType"
	}
}, {
	"Reservation": "Reservation 2",
	"ReservationItem": "ReservationItem 2",
	"ManufacturingOrderOperation": "ManufacturingOrderOperation 2",
	"ManufacturingOrderSequence": "ManufacturingOrderSequence 2",
	"ManufacturingOrder": "ManufacturingOrder 2",
	"ManufacturingOrderCategory": "ManufacturingOrderCategory 2",
	"ManufacturingOrderType": "ManufacturingOrderType 2",
	"ProductionPlant": "ProductionPlant 2",
	"Material": "Material 2",
	"MaterialName": "MaterialName 2",
	"__metadata": {
		"uri": "C_MfgOrderOperationMissingComp(Reservation='Reservation%202',ReservationItem='ReservationItem%202')",
		"type": "PP_MPE_OPER_MANAGE.C_MfgOrderOperationMissingCompType"
	}
}, {
	"Reservation": "Reservation 3",
	"ReservationItem": "ReservationItem 3",
	"ManufacturingOrderOperation": "ManufacturingOrderOperation 3",
	"ManufacturingOrderSequence": "ManufacturingOrderSequence 3",
	"ManufacturingOrder": "ManufacturingOrder 3",
	"ManufacturingOrderCategory": "ManufacturingOrderCategory 3",
	"ManufacturingOrderType": "ManufacturingOrderType 3",
	"ProductionPlant": "ProductionPlant 3",
	"Material": "Material 3",
	"MaterialName": "MaterialName 3",
	"__metadata": {
		"uri": "C_MfgOrderOperationMissingComp(Reservation='Reservation%203',ReservationItem='ReservationItem%203')",
		"type": "PP_MPE_OPER_MANAGE.C_MfgOrderOperationMissingCompType"
	}
}, {
	"Reservation": "Reservation 4",
	"ReservationItem": "ReservationItem 4",
	"ManufacturingOrderOperation": "ManufacturingOrderOperation 4",
	"ManufacturingOrderSequence": "ManufacturingOrderSequence 4",
	"ManufacturingOrder": "ManufacturingOrder 4",
	"ManufacturingOrderCategory": "ManufacturingOrderCategory 4",
	"ManufacturingOrderType": "ManufacturingOrderType 4",
	"ProductionPlant": "ProductionPlant 4",
	"Material": "Material 4",
	"MaterialName": "MaterialName 4",
	"__metadata": {
		"uri": "C_MfgOrderOperationMissingComp(Reservation='Reservation%204',ReservationItem='ReservationItem%204')",
		"type": "PP_MPE_OPER_MANAGE.C_MfgOrderOperationMissingCompType"
	}
}, {
	"Reservation": "Reservation 5",
	"ReservationItem": "ReservationItem 5",
	"ManufacturingOrderOperation": "ManufacturingOrderOperation 5",
	"ManufacturingOrderSequence": "ManufacturingOrderSequence 5",
	"ManufacturingOrder": "ManufacturingOrder 5",
	"ManufacturingOrderCategory": "ManufacturingOrderCategory 5",
	"ManufacturingOrderType": "ManufacturingOrderType 5",
	"ProductionPlant": "ProductionPlant 5",
	"Material": "Material 5",
	"MaterialName": "MaterialName 5",
	"__metadata": {
		"uri": "C_MfgOrderOperationMissingComp(Reservation='Reservation%205',ReservationItem='ReservationItem%205')",
		"type": "PP_MPE_OPER_MANAGE.C_MfgOrderOperationMissingCompType"
	}
}, {
	"Reservation": "Reservation 6",
	"ReservationItem": "ReservationItem 6",
	"ManufacturingOrderOperation": "ManufacturingOrderOperation 6",
	"ManufacturingOrderSequence": "ManufacturingOrderSequence 6",
	"ManufacturingOrder": "ManufacturingOrder 6",
	"ManufacturingOrderCategory": "ManufacturingOrderCategory 6",
	"ManufacturingOrderType": "ManufacturingOrderType 6",
	"ProductionPlant": "ProductionPlant 6",
	"Material": "Material 6",
	"MaterialName": "MaterialName 6",
	"__metadata": {
		"uri": "C_MfgOrderOperationMissingComp(Reservation='Reservation%206',ReservationItem='ReservationItem%206')",
		"type": "PP_MPE_OPER_MANAGE.C_MfgOrderOperationMissingCompType"
	}
}, {
	"Reservation": "Reservation 7",
	"ReservationItem": "ReservationItem 7",
	"ManufacturingOrderOperation": "ManufacturingOrderOperation 7",
	"ManufacturingOrderSequence": "ManufacturingOrderSequence 7",
	"ManufacturingOrder": "ManufacturingOrder 7",
	"ManufacturingOrderCategory": "ManufacturingOrderCategory 7",
	"ManufacturingOrderType": "ManufacturingOrderType 7",
	"ProductionPlant": "ProductionPlant 7",
	"Material": "Material 7",
	"MaterialName": "MaterialName 7",
	"__metadata": {
		"uri": "C_MfgOrderOperationMissingComp(Reservation='Reservation%207',ReservationItem='ReservationItem%207')",
		"type": "PP_MPE_OPER_MANAGE.C_MfgOrderOperationMissingCompType"
	}
}, {
	"Reservation": "Reservation 8",
	"ReservationItem": "ReservationItem 8",
	"ManufacturingOrderOperation": "ManufacturingOrderOperation 8",
	"ManufacturingOrderSequence": "ManufacturingOrderSequence 8",
	"ManufacturingOrder": "ManufacturingOrder 8",
	"ManufacturingOrderCategory": "ManufacturingOrderCategory 8",
	"ManufacturingOrderType": "ManufacturingOrderType 8",
	"ProductionPlant": "ProductionPlant 8",
	"Material": "Material 8",
	"MaterialName": "MaterialName 8",
	"__metadata": {
		"uri": "C_MfgOrderOperationMissingComp(Reservation='Reservation%208',ReservationItem='ReservationItem%208')",
		"type": "PP_MPE_OPER_MANAGE.C_MfgOrderOperationMissingCompType"
	}
}, {
	"Reservation": "Reservation 9",
	"ReservationItem": "ReservationItem 9",
	"ManufacturingOrderOperation": "ManufacturingOrderOperation 9",
	"ManufacturingOrderSequence": "ManufacturingOrderSequence 9",
	"ManufacturingOrder": "ManufacturingOrder 9",
	"ManufacturingOrderCategory": "ManufacturingOrderCategory 9",
	"ManufacturingOrderType": "ManufacturingOrderType 9",
	"ProductionPlant": "ProductionPlant 9",
	"Material": "Material 9",
	"MaterialName": "MaterialName 9",
	"__metadata": {
		"uri": "C_MfgOrderOperationMissingComp(Reservation='Reservation%209',ReservationItem='ReservationItem%209')",
		"type": "PP_MPE_OPER_MANAGE.C_MfgOrderOperationMissingCompType"
	}
}, {
	"Reservation": "Reservation 10",
	"ReservationItem": "ReservationItem 10",
	"ManufacturingOrderOperation": "ManufacturingOrderOperation 10",
	"ManufacturingOrderSequence": "ManufacturingOrderSequence 10",
	"ManufacturingOrder": "ManufacturingOrder 10",
	"ManufacturingOrderCategory": "ManufacturingOrderCategory 10",
	"ManufacturingOrderType": "ManufacturingOrderType 10",
	"ProductionPlant": "ProductionPlant 10",
	"Material": "Material 10",
	"MaterialName": "MaterialName 10",
	"__metadata": {
		"uri": "C_MfgOrderOperationMissingComp(Reservation='Reservation%2010',ReservationItem='ReservationItem%2010')",
		"type": "PP_MPE_OPER_MANAGE.C_MfgOrderOperationMissingCompType"
	}
}]