[{
	"OpActyNtwkInstance": 9507,
	"OpActyNtwkElement": 8495,
	"Reservation": "Reservation 1",
	"ReservationItem": "ReservationItem 1",
	"RecordType": "RecordType 1",
	"Material": "Material 1",
	"ManufacturingOrder": "ManufacturingOrder 1",
	"ProductionPlant": "ProductionPlant 1",
	"MaterialName": "MaterialName 1",
	"BaseUnit": "BaseUnit 1",
	"MfgOrderComponentUsageQuantity": 9.125962287135735,
	"RequiredQuantity": 2.790852895960747,
	"MaterialComponentQuantity": 7331.74,
	"ComponentAssemblyCriticality": 5,
	"SerialNumberProfile": "SerialNumberProfile 1",
	"IsBatchManagementRequired": false,
	"NumberOfAssembledMaterials": 584,
	"Batch": "Batch 1",
	"MatlCompIsMarkedForBackflush": true,
	"__metadata": {
		"uri": "C_OperationActivityComponent(OpActyNtwkInstance=9507,OpActyNtwkElement=8495,Reservation='Reservation%201',ReservationItem='ReservationItem%201',RecordType='RecordType%201',Material='Material%201')",
		"type": "PP_MPE_OPER_MANAGE.C_OperationActivityComponentType"
	}
}, {
	"OpActyNtwkInstance": 7245,
	"OpActyNtwkElement": 790,
	"Reservation": "Reservation 2",
	"ReservationItem": "ReservationItem 2",
	"RecordType": "RecordType 2",
	"Material": "Material 2",
	"ManufacturingOrder": "ManufacturingOrder 2",
	"ProductionPlant": "ProductionPlant 2",
	"MaterialName": "MaterialName 2",
	"BaseUnit": "BaseUnit 2",
	"MfgOrderComponentUsageQuantity": 7.759008825475727,
	"RequiredQuantity": 3.7252578959275606,
	"MaterialComponentQuantity": 9999.39,
	"ComponentAssemblyCriticality": 8,
	"SerialNumberProfile": "SerialNumberProfile 2",
	"IsBatchManagementRequired": true,
	"NumberOfAssembledMaterials": 2380,
	"Batch": "Batch 2",
	"MatlCompIsMarkedForBackflush": true,
	"__metadata": {
		"uri": "C_OperationActivityComponent(OpActyNtwkInstance=7245,OpActyNtwkElement=790,Reservation='Reservation%202',ReservationItem='ReservationItem%202',RecordType='RecordType%202',Material='Material%202')",
		"type": "PP_MPE_OPER_MANAGE.C_OperationActivityComponentType"
	}
}, {
	"OpActyNtwkInstance": 3494,
	"OpActyNtwkElement": 4080,
	"Reservation": "Reservation 3",
	"ReservationItem": "ReservationItem 3",
	"RecordType": "RecordType 3",
	"Material": "Material 3",
	"ManufacturingOrder": "ManufacturingOrder 3",
	"ProductionPlant": "ProductionPlant 3",
	"MaterialName": "MaterialName 3",
	"BaseUnit": "BaseUnit 3",
	"MfgOrderComponentUsageQuantity": 0.5272507646311886,
	"RequiredQuantity": 7.188941421463591,
	"MaterialComponentQuantity": 2247.4,
	"ComponentAssemblyCriticality": 1,
	"SerialNumberProfile": "SerialNumberProfile 3",
	"IsBatchManagementRequired": false,
	"NumberOfAssembledMaterials": 9732,
	"Batch": "Batch 3",
	"MatlCompIsMarkedForBackflush": false,
	"__metadata": {
		"uri": "C_OperationActivityComponent(OpActyNtwkInstance=3494,OpActyNtwkElement=4080,Reservation='Reservation%203',ReservationItem='ReservationItem%203',RecordType='RecordType%203',Material='Material%203')",
		"type": "PP_MPE_OPER_MANAGE.C_OperationActivityComponentType"
	}
}, {
	"OpActyNtwkInstance": 8460,
	"OpActyNtwkElement": 2106,
	"Reservation": "Reservation 4",
	"ReservationItem": "ReservationItem 4",
	"RecordType": "RecordType 4",
	"Material": "Material 4",
	"ManufacturingOrder": "ManufacturingOrder 4",
	"ProductionPlant": "ProductionPlant 4",
	"MaterialName": "MaterialName 4",
	"BaseUnit": "BaseUnit 4",
	"MfgOrderComponentUsageQuantity": 3.289228578046084,
	"RequiredQuantity": 9.638954140963293,
	"MaterialComponentQuantity": 9041.8,
	"ComponentAssemblyCriticality": 0,
	"SerialNumberProfile": "SerialNumberProfile 4",
	"IsBatchManagementRequired": true,
	"NumberOfAssembledMaterials": 9471,
	"Batch": "Batch 4",
	"MatlCompIsMarkedForBackflush": false,
	"__metadata": {
		"uri": "C_OperationActivityComponent(OpActyNtwkInstance=8460,OpActyNtwkElement=2106,Reservation='Reservation%204',ReservationItem='ReservationItem%204',RecordType='RecordType%204',Material='Material%204')",
		"type": "PP_MPE_OPER_MANAGE.C_OperationActivityComponentType"
	}
}, {
	"OpActyNtwkInstance": 7948,
	"OpActyNtwkElement": 4641,
	"Reservation": "Reservation 5",
	"ReservationItem": "ReservationItem 5",
	"RecordType": "RecordType 5",
	"Material": "Material 5",
	"ManufacturingOrder": "ManufacturingOrder 5",
	"ProductionPlant": "ProductionPlant 5",
	"MaterialName": "MaterialName 5",
	"BaseUnit": "BaseUnit 5",
	"MfgOrderComponentUsageQuantity": 5.188060245161266,
	"RequiredQuantity": 5.724578481151097,
	"MaterialComponentQuantity": 3940.31,
	"ComponentAssemblyCriticality": 9,
	"SerialNumberProfile": "SerialNumberProfile 5",
	"IsBatchManagementRequired": true,
	"NumberOfAssembledMaterials": 74,
	"Batch": "Batch 5",
	"MatlCompIsMarkedForBackflush": true,
	"__metadata": {
		"uri": "C_OperationActivityComponent(OpActyNtwkInstance=7948,OpActyNtwkElement=4641,Reservation='Reservation%205',ReservationItem='ReservationItem%205',RecordType='RecordType%205',Material='Material%205')",
		"type": "PP_MPE_OPER_MANAGE.C_OperationActivityComponentType"
	}
}, {
	"OpActyNtwkInstance": 4419,
	"OpActyNtwkElement": 1871,
	"Reservation": "Reservation 6",
	"ReservationItem": "ReservationItem 6",
	"RecordType": "RecordType 6",
	"Material": "Material 6",
	"ManufacturingOrder": "ManufacturingOrder 6",
	"ProductionPlant": "ProductionPlant 6",
	"MaterialName": "MaterialName 6",
	"BaseUnit": "BaseUnit 6",
	"MfgOrderComponentUsageQuantity": 6.494933042869393,
	"RequiredQuantity": 8.1691186351674,
	"MaterialComponentQuantity": 1262.73,
	"ComponentAssemblyCriticality": 8,
	"SerialNumberProfile": "SerialNumberProfile 6",
	"IsBatchManagementRequired": true,
	"NumberOfAssembledMaterials": 5110,
	"Batch": "Batch 6",
	"MatlCompIsMarkedForBackflush": true,
	"__metadata": {
		"uri": "C_OperationActivityComponent(OpActyNtwkInstance=4419,OpActyNtwkElement=1871,Reservation='Reservation%206',ReservationItem='ReservationItem%206',RecordType='RecordType%206',Material='Material%206')",
		"type": "PP_MPE_OPER_MANAGE.C_OperationActivityComponentType"
	}
}, {
	"OpActyNtwkInstance": 3607,
	"OpActyNtwkElement": 3821,
	"Reservation": "Reservation 7",
	"ReservationItem": "ReservationItem 7",
	"RecordType": "RecordType 7",
	"Material": "Material 7",
	"ManufacturingOrder": "ManufacturingOrder 7",
	"ProductionPlant": "ProductionPlant 7",
	"MaterialName": "MaterialName 7",
	"BaseUnit": "BaseUnit 7",
	"MfgOrderComponentUsageQuantity": 5.79694680958208,
	"RequiredQuantity": 5.6801302737020904,
	"MaterialComponentQuantity": 6607.03,
	"ComponentAssemblyCriticality": 0,
	"SerialNumberProfile": "SerialNumberProfile 7",
	"IsBatchManagementRequired": false,
	"NumberOfAssembledMaterials": 1468,
	"Batch": "Batch 7",
	"MatlCompIsMarkedForBackflush": false,
	"__metadata": {
		"uri": "C_OperationActivityComponent(OpActyNtwkInstance=3607,OpActyNtwkElement=3821,Reservation='Reservation%207',ReservationItem='ReservationItem%207',RecordType='RecordType%207',Material='Material%207')",
		"type": "PP_MPE_OPER_MANAGE.C_OperationActivityComponentType"
	}
}, {
	"OpActyNtwkInstance": 1492,
	"OpActyNtwkElement": 9693,
	"Reservation": "Reservation 8",
	"ReservationItem": "ReservationItem 8",
	"RecordType": "RecordType 8",
	"Material": "Material 8",
	"ManufacturingOrder": "ManufacturingOrder 8",
	"ProductionPlant": "ProductionPlant 8",
	"MaterialName": "MaterialName 8",
	"BaseUnit": "BaseUnit 8",
	"MfgOrderComponentUsageQuantity": 3.421787603778619,
	"RequiredQuantity": 2.2855047512505333,
	"MaterialComponentQuantity": 4484.95,
	"ComponentAssemblyCriticality": 7,
	"SerialNumberProfile": "SerialNumberProfile 8",
	"IsBatchManagementRequired": false,
	"NumberOfAssembledMaterials": 7613,
	"Batch": "Batch 8",
	"MatlCompIsMarkedForBackflush": true,
	"__metadata": {
		"uri": "C_OperationActivityComponent(OpActyNtwkInstance=1492,OpActyNtwkElement=9693,Reservation='Reservation%208',ReservationItem='ReservationItem%208',RecordType='RecordType%208',Material='Material%208')",
		"type": "PP_MPE_OPER_MANAGE.C_OperationActivityComponentType"
	}
}, {
	"OpActyNtwkInstance": 8973,
	"OpActyNtwkElement": 1922,
	"Reservation": "Reservation 9",
	"ReservationItem": "ReservationItem 9",
	"RecordType": "RecordType 9",
	"Material": "Material 9",
	"ManufacturingOrder": "ManufacturingOrder 9",
	"ProductionPlant": "ProductionPlant 9",
	"MaterialName": "MaterialName 9",
	"BaseUnit": "BaseUnit 9",
	"MfgOrderComponentUsageQuantity": 2.754622707292218,
	"RequiredQuantity": 4.327306865925806,
	"MaterialComponentQuantity": 3437.92,
	"ComponentAssemblyCriticality": 7,
	"SerialNumberProfile": "SerialNumberProfile 9",
	"IsBatchManagementRequired": true,
	"NumberOfAssembledMaterials": 7427,
	"Batch": "Batch 9",
	"MatlCompIsMarkedForBackflush": false,
	"__metadata": {
		"uri": "C_OperationActivityComponent(OpActyNtwkInstance=8973,OpActyNtwkElement=1922,Reservation='Reservation%209',ReservationItem='ReservationItem%209',RecordType='RecordType%209',Material='Material%209')",
		"type": "PP_MPE_OPER_MANAGE.C_OperationActivityComponentType"
	}
}, {
	"OpActyNtwkInstance": 290,
	"OpActyNtwkElement": 3103,
	"Reservation": "Reservation 10",
	"ReservationItem": "ReservationItem 10",
	"RecordType": "RecordType 10",
	"Material": "Material 10",
	"ManufacturingOrder": "ManufacturingOrder 10",
	"ProductionPlant": "ProductionPlant 10",
	"MaterialName": "MaterialName 10",
	"BaseUnit": "BaseUnit 10",
	"MfgOrderComponentUsageQuantity": 3.6201155417306663,
	"RequiredQuantity": 2.979735420672578,
	"MaterialComponentQuantity": 6308.32,
	"ComponentAssemblyCriticality": 5,
	"SerialNumberProfile": "SerialNumberProfile 10",
	"IsBatchManagementRequired": false,
	"NumberOfAssembledMaterials": 7843,
	"Batch": "Batch 10",
	"MatlCompIsMarkedForBackflush": false,
	"__metadata": {
		"uri": "C_OperationActivityComponent(OpActyNtwkInstance=290,OpActyNtwkElement=3103,Reservation='Reservation%2010',ReservationItem='ReservationItem%2010',RecordType='RecordType%2010',Material='Material%2010')",
		"type": "PP_MPE_OPER_MANAGE.C_OperationActivityComponentType"
	}
}]