[{
	"Reservation": "Reservation 1",
	"ReservationItem": "ReservationItem 1",
	"ManufacturingOrder": "ManufacturingOrder 1",
	"ManufacturingOrderOperation": "ManufacturingOrderOperation 1",
	"ManufacturingOrderSequence": "ManufacturingOrderSequence 1",
	"Material": "Material 1",
	"MaterialName": "MaterialName 1",
	"ProductionPlant": "ProductionPlant 1",
	"Plant": "Plant 1",
	"StorageLocation": "StorageLocation 1",
	"InventorySpecialStockType": "InventorySpecialStockType 1",
	"ProductionPlantName": "ProductionPlantName 1",
	"BaseUnit": "BaseUnit 1",
	"RequiredQuantity": 8541.18,
	"WithdrawnQuantity": 7931.5,
	"UncoveredQuantity": 4330.23,
	"ConfirmedAvailableQuantity": 6657.71,
	"OpenQuantity": 8661.91,
	"MissingQuantity": 6956.26,
	"SupplyAreaAvailableQuantity": 383.98,
	"AvailableCommittedQty": 2639.26,
	"NotAvailableCommittedQty": 1335.24,
	"MaterialComponentIsMissing": false,
	"SupplyArea": "SupplyArea 1",
	"MRPControllerName": "MRPControllerName 1",
	"ReservationIsFinallyIssued": true,
	"MatlCompRequirementDate": "/Date(1474545712000)/",
	"MatlCompRequirementTime": "PT10H13M10S",
	"MatlCompIsMarkedForBackflush": true,
	"Batch": "Batch 1",
	"ComponentScrapInPercent": 1968.96,
	"IsNetScrap": false,
	"OperationScrapInPercent": 6117.73,
	"EntryUnit": "EntryUnit 1",
	"GoodsMovementEntryQty": 1103.61,
	"QuantityIsFixed": false,
	"BOMItemDescription": "BOMItemDescription 1",
	"MaterialComponentIsPhantomItem": false,
	"ManufacturingOrderCategory": "ManufacturingOrderCategory 1",
	"ManufacturingOrderType": "ManufacturingOrderType 1",
	"__metadata": {
		"uri": "C_Operationcomponents(Reservation='Reservation%201',ReservationItem='ReservationItem%201')",
		"type": "PP_MPE_OPER_MANAGE.C_OperationcomponentsType"
	}
}, {
	"Reservation": "Reservation 2",
	"ReservationItem": "ReservationItem 2",
	"ManufacturingOrder": "ManufacturingOrder 2",
	"ManufacturingOrderOperation": "ManufacturingOrderOperation 2",
	"ManufacturingOrderSequence": "ManufacturingOrderSequence 2",
	"Material": "Material 2",
	"MaterialName": "MaterialName 2",
	"ProductionPlant": "ProductionPlant 2",
	"Plant": "Plant 2",
	"StorageLocation": "StorageLocation 2",
	"InventorySpecialStockType": "InventorySpecialStockType 2",
	"ProductionPlantName": "ProductionPlantName 2",
	"BaseUnit": "BaseUnit 2",
	"RequiredQuantity": 1505.48,
	"WithdrawnQuantity": 336.04,
	"UncoveredQuantity": 2451.04,
	"ConfirmedAvailableQuantity": 9778.44,
	"OpenQuantity": 5300.4,
	"MissingQuantity": 4604.45,
	"SupplyAreaAvailableQuantity": 3145.34,
	"AvailableCommittedQty": 7415.14,
	"NotAvailableCommittedQty": 745.3,
	"MaterialComponentIsMissing": false,
	"SupplyArea": "SupplyArea 2",
	"MRPControllerName": "MRPControllerName 2",
	"ReservationIsFinallyIssued": false,
	"MatlCompRequirementDate": "/Date(1106053312000)/",
	"MatlCompRequirementTime": "PT22H5M18S",
	"MatlCompIsMarkedForBackflush": false,
	"Batch": "Batch 2",
	"ComponentScrapInPercent": 7438.74,
	"IsNetScrap": true,
	"OperationScrapInPercent": 7937.41,
	"EntryUnit": "EntryUnit 2",
	"GoodsMovementEntryQty": 415.03,
	"QuantityIsFixed": false,
	"BOMItemDescription": "BOMItemDescription 2",
	"MaterialComponentIsPhantomItem": false,
	"ManufacturingOrderCategory": "ManufacturingOrderCategory 2",
	"ManufacturingOrderType": "ManufacturingOrderType 2",
	"__metadata": {
		"uri": "C_Operationcomponents(Reservation='Reservation%202',ReservationItem='ReservationItem%202')",
		"type": "PP_MPE_OPER_MANAGE.C_OperationcomponentsType"
	}
}, {
	"Reservation": "Reservation 3",
	"ReservationItem": "ReservationItem 3",
	"ManufacturingOrder": "ManufacturingOrder 3",
	"ManufacturingOrderOperation": "ManufacturingOrderOperation 3",
	"ManufacturingOrderSequence": "ManufacturingOrderSequence 3",
	"Material": "Material 3",
	"MaterialName": "MaterialName 3",
	"ProductionPlant": "ProductionPlant 3",
	"Plant": "Plant 3",
	"StorageLocation": "StorageLocation 3",
	"InventorySpecialStockType": "InventorySpecialStockType 3",
	"ProductionPlantName": "ProductionPlantName 3",
	"BaseUnit": "BaseUnit 3",
	"RequiredQuantity": 7526.49,
	"WithdrawnQuantity": 5387.48,
	"UncoveredQuantity": 6244.33,
	"ConfirmedAvailableQuantity": 8089.62,
	"OpenQuantity": 8779.97,
	"MissingQuantity": 4414.09,
	"SupplyAreaAvailableQuantity": 9211.01,
	"AvailableCommittedQty": 4323.72,
	"NotAvailableCommittedQty": 8910.51,
	"MaterialComponentIsMissing": true,
	"SupplyArea": "SupplyArea 3",
	"MRPControllerName": "MRPControllerName 3",
	"ReservationIsFinallyIssued": true,
	"MatlCompRequirementDate": "/Date(1526558512000)/",
	"MatlCompRequirementTime": "PT21H17M44S",
	"MatlCompIsMarkedForBackflush": false,
	"Batch": "Batch 3",
	"ComponentScrapInPercent": 2038.73,
	"IsNetScrap": true,
	"OperationScrapInPercent": 3411.07,
	"EntryUnit": "EntryUnit 3",
	"GoodsMovementEntryQty": 8399.92,
	"QuantityIsFixed": false,
	"BOMItemDescription": "BOMItemDescription 3",
	"MaterialComponentIsPhantomItem": true,
	"ManufacturingOrderCategory": "ManufacturingOrderCategory 3",
	"ManufacturingOrderType": "ManufacturingOrderType 3",
	"__metadata": {
		"uri": "C_Operationcomponents(Reservation='Reservation%203',ReservationItem='ReservationItem%203')",
		"type": "PP_MPE_OPER_MANAGE.C_OperationcomponentsType"
	}
}, {
	"Reservation": "Reservation 4",
	"ReservationItem": "ReservationItem 4",
	"ManufacturingOrder": "ManufacturingOrder 4",
	"ManufacturingOrderOperation": "ManufacturingOrderOperation 4",
	"ManufacturingOrderSequence": "ManufacturingOrderSequence 4",
	"Material": "Material 4",
	"MaterialName": "MaterialName 4",
	"ProductionPlant": "ProductionPlant 4",
	"Plant": "Plant 4",
	"StorageLocation": "StorageLocation 4",
	"InventorySpecialStockType": "InventorySpecialStockType 4",
	"ProductionPlantName": "ProductionPlantName 4",
	"BaseUnit": "BaseUnit 4",
	"RequiredQuantity": 7199.71,
	"WithdrawnQuantity": 7864.5,
	"UncoveredQuantity": 3600.51,
	"ConfirmedAvailableQuantity": 7178.54,
	"OpenQuantity": 6865.49,
	"MissingQuantity": 2987.21,
	"SupplyAreaAvailableQuantity": 5283.84,
	"AvailableCommittedQty": 3193.49,
	"NotAvailableCommittedQty": 8641.97,
	"MaterialComponentIsMissing": false,
	"SupplyArea": "SupplyArea 4",
	"MRPControllerName": "MRPControllerName 4",
	"ReservationIsFinallyIssued": false,
	"MatlCompRequirementDate": "/Date(1126612912000)/",
	"MatlCompRequirementTime": "PT2H21M15S",
	"MatlCompIsMarkedForBackflush": false,
	"Batch": "Batch 4",
	"ComponentScrapInPercent": 9185.89,
	"IsNetScrap": true,
	"OperationScrapInPercent": 2983.87,
	"EntryUnit": "EntryUnit 4",
	"GoodsMovementEntryQty": 3162.87,
	"QuantityIsFixed": true,
	"BOMItemDescription": "BOMItemDescription 4",
	"MaterialComponentIsPhantomItem": true,
	"ManufacturingOrderCategory": "ManufacturingOrderCategory 4",
	"ManufacturingOrderType": "ManufacturingOrderType 4",
	"__metadata": {
		"uri": "C_Operationcomponents(Reservation='Reservation%204',ReservationItem='ReservationItem%204')",
		"type": "PP_MPE_OPER_MANAGE.C_OperationcomponentsType"
	}
}, {
	"Reservation": "Reservation 5",
	"ReservationItem": "ReservationItem 5",
	"ManufacturingOrder": "ManufacturingOrder 5",
	"ManufacturingOrderOperation": "ManufacturingOrderOperation 5",
	"ManufacturingOrderSequence": "ManufacturingOrderSequence 5",
	"Material": "Material 5",
	"MaterialName": "MaterialName 5",
	"ProductionPlant": "ProductionPlant 5",
	"Plant": "Plant 5",
	"StorageLocation": "StorageLocation 5",
	"InventorySpecialStockType": "InventorySpecialStockType 5",
	"ProductionPlantName": "ProductionPlantName 5",
	"BaseUnit": "BaseUnit 5",
	"RequiredQuantity": 9248.28,
	"WithdrawnQuantity": 3504.06,
	"UncoveredQuantity": 2997.28,
	"ConfirmedAvailableQuantity": 1505.83,
	"OpenQuantity": 4731.97,
	"MissingQuantity": 7762.43,
	"SupplyAreaAvailableQuantity": 9213.87,
	"AvailableCommittedQty": 8045.63,
	"NotAvailableCommittedQty": 6093.81,
	"MaterialComponentIsMissing": false,
	"SupplyArea": "SupplyArea 5",
	"MRPControllerName": "MRPControllerName 5",
	"ReservationIsFinallyIssued": true,
	"MatlCompRequirementDate": "/Date(1059307312000)/",
	"MatlCompRequirementTime": "PT9H40M31S",
	"MatlCompIsMarkedForBackflush": false,
	"Batch": "Batch 5",
	"ComponentScrapInPercent": 7568.02,
	"IsNetScrap": true,
	"OperationScrapInPercent": 7729.58,
	"EntryUnit": "EntryUnit 5",
	"GoodsMovementEntryQty": 3434.73,
	"QuantityIsFixed": true,
	"BOMItemDescription": "BOMItemDescription 5",
	"MaterialComponentIsPhantomItem": true,
	"ManufacturingOrderCategory": "ManufacturingOrderCategory 5",
	"ManufacturingOrderType": "ManufacturingOrderType 5",
	"__metadata": {
		"uri": "C_Operationcomponents(Reservation='Reservation%205',ReservationItem='ReservationItem%205')",
		"type": "PP_MPE_OPER_MANAGE.C_OperationcomponentsType"
	}
}, {
	"Reservation": "Reservation 6",
	"ReservationItem": "ReservationItem 6",
	"ManufacturingOrder": "ManufacturingOrder 6",
	"ManufacturingOrderOperation": "ManufacturingOrderOperation 6",
	"ManufacturingOrderSequence": "ManufacturingOrderSequence 6",
	"Material": "Material 6",
	"MaterialName": "MaterialName 6",
	"ProductionPlant": "ProductionPlant 6",
	"Plant": "Plant 6",
	"StorageLocation": "StorageLocation 6",
	"InventorySpecialStockType": "InventorySpecialStockType 6",
	"ProductionPlantName": "ProductionPlantName 6",
	"BaseUnit": "BaseUnit 6",
	"RequiredQuantity": 8176.32,
	"WithdrawnQuantity": 5813.51,
	"UncoveredQuantity": 662.78,
	"ConfirmedAvailableQuantity": 9950.79,
	"OpenQuantity": 9458.22,
	"MissingQuantity": 6414.08,
	"SupplyAreaAvailableQuantity": 9870.49,
	"AvailableCommittedQty": 9077.77,
	"NotAvailableCommittedQty": 736.6,
	"MaterialComponentIsMissing": true,
	"SupplyArea": "SupplyArea 6",
	"MRPControllerName": "MRPControllerName 6",
	"ReservationIsFinallyIssued": true,
	"MatlCompRequirementDate": "/Date(1001073712000)/",
	"MatlCompRequirementTime": "PT17H24M20S",
	"MatlCompIsMarkedForBackflush": false,
	"Batch": "Batch 6",
	"ComponentScrapInPercent": 8312.96,
	"IsNetScrap": true,
	"OperationScrapInPercent": 3951.53,
	"EntryUnit": "EntryUnit 6",
	"GoodsMovementEntryQty": 5048.82,
	"QuantityIsFixed": false,
	"BOMItemDescription": "BOMItemDescription 6",
	"MaterialComponentIsPhantomItem": true,
	"ManufacturingOrderCategory": "ManufacturingOrderCategory 6",
	"ManufacturingOrderType": "ManufacturingOrderType 6",
	"__metadata": {
		"uri": "C_Operationcomponents(Reservation='Reservation%206',ReservationItem='ReservationItem%206')",
		"type": "PP_MPE_OPER_MANAGE.C_OperationcomponentsType"
	}
}, {
	"Reservation": "Reservation 7",
	"ReservationItem": "ReservationItem 7",
	"ManufacturingOrder": "ManufacturingOrder 7",
	"ManufacturingOrderOperation": "ManufacturingOrderOperation 7",
	"ManufacturingOrderSequence": "ManufacturingOrderSequence 7",
	"Material": "Material 7",
	"MaterialName": "MaterialName 7",
	"ProductionPlant": "ProductionPlant 7",
	"Plant": "Plant 7",
	"StorageLocation": "StorageLocation 7",
	"InventorySpecialStockType": "InventorySpecialStockType 7",
	"ProductionPlantName": "ProductionPlantName 7",
	"BaseUnit": "BaseUnit 7",
	"RequiredQuantity": 5155.24,
	"WithdrawnQuantity": 110.55,
	"UncoveredQuantity": 7595.43,
	"ConfirmedAvailableQuantity": 5258.49,
	"OpenQuantity": 471.4,
	"MissingQuantity": 4891.12,
	"SupplyAreaAvailableQuantity": 8815.45,
	"AvailableCommittedQty": 7915.19,
	"NotAvailableCommittedQty": 7075.24,
	"MaterialComponentIsMissing": true,
	"SupplyArea": "SupplyArea 7",
	"MRPControllerName": "MRPControllerName 7",
	"ReservationIsFinallyIssued": false,
	"MatlCompRequirementDate": "/Date(1060516912000)/",
	"MatlCompRequirementTime": "PT21H30M51S",
	"MatlCompIsMarkedForBackflush": true,
	"Batch": "Batch 7",
	"ComponentScrapInPercent": 3271.03,
	"IsNetScrap": true,
	"OperationScrapInPercent": 9958.71,
	"EntryUnit": "EntryUnit 7",
	"GoodsMovementEntryQty": 8512.58,
	"QuantityIsFixed": false,
	"BOMItemDescription": "BOMItemDescription 7",
	"MaterialComponentIsPhantomItem": true,
	"ManufacturingOrderCategory": "ManufacturingOrderCategory 7",
	"ManufacturingOrderType": "ManufacturingOrderType 7",
	"__metadata": {
		"uri": "C_Operationcomponents(Reservation='Reservation%207',ReservationItem='ReservationItem%207')",
		"type": "PP_MPE_OPER_MANAGE.C_OperationcomponentsType"
	}
}, {
	"Reservation": "Reservation 8",
	"ReservationItem": "ReservationItem 8",
	"ManufacturingOrder": "ManufacturingOrder 8",
	"ManufacturingOrderOperation": "ManufacturingOrderOperation 8",
	"ManufacturingOrderSequence": "ManufacturingOrderSequence 8",
	"Material": "Material 8",
	"MaterialName": "MaterialName 8",
	"ProductionPlant": "ProductionPlant 8",
	"Plant": "Plant 8",
	"StorageLocation": "StorageLocation 8",
	"InventorySpecialStockType": "InventorySpecialStockType 8",
	"ProductionPlantName": "ProductionPlantName 8",
	"BaseUnit": "BaseUnit 8",
	"RequiredQuantity": 2297.56,
	"WithdrawnQuantity": 695.01,
	"UncoveredQuantity": 1673.13,
	"ConfirmedAvailableQuantity": 7096.81,
	"OpenQuantity": 8907.28,
	"MissingQuantity": 6225.93,
	"SupplyAreaAvailableQuantity": 4728.1,
	"AvailableCommittedQty": 9379.71,
	"NotAvailableCommittedQty": 8379.64,
	"MaterialComponentIsMissing": true,
	"SupplyArea": "SupplyArea 8",
	"MRPControllerName": "MRPControllerName 8",
	"ReservationIsFinallyIssued": true,
	"MatlCompRequirementDate": "/Date(1007125312000)/",
	"MatlCompRequirementTime": "PT8H22M29S",
	"MatlCompIsMarkedForBackflush": false,
	"Batch": "Batch 8",
	"ComponentScrapInPercent": 8807.28,
	"IsNetScrap": true,
	"OperationScrapInPercent": 1803.31,
	"EntryUnit": "EntryUnit 8",
	"GoodsMovementEntryQty": 1692.7,
	"QuantityIsFixed": false,
	"BOMItemDescription": "BOMItemDescription 8",
	"MaterialComponentIsPhantomItem": true,
	"ManufacturingOrderCategory": "ManufacturingOrderCategory 8",
	"ManufacturingOrderType": "ManufacturingOrderType 8",
	"__metadata": {
		"uri": "C_Operationcomponents(Reservation='Reservation%208',ReservationItem='ReservationItem%208')",
		"type": "PP_MPE_OPER_MANAGE.C_OperationcomponentsType"
	}
}, {
	"Reservation": "Reservation 9",
	"ReservationItem": "ReservationItem 9",
	"ManufacturingOrder": "ManufacturingOrder 9",
	"ManufacturingOrderOperation": "ManufacturingOrderOperation 9",
	"ManufacturingOrderSequence": "ManufacturingOrderSequence 9",
	"Material": "Material 9",
	"MaterialName": "MaterialName 9",
	"ProductionPlant": "ProductionPlant 9",
	"Plant": "Plant 9",
	"StorageLocation": "StorageLocation 9",
	"InventorySpecialStockType": "InventorySpecialStockType 9",
	"ProductionPlantName": "ProductionPlantName 9",
	"BaseUnit": "BaseUnit 9",
	"RequiredQuantity": 6621.3,
	"WithdrawnQuantity": 2672.35,
	"UncoveredQuantity": 1246.68,
	"ConfirmedAvailableQuantity": 803.91,
	"OpenQuantity": 2576.44,
	"MissingQuantity": 3765.25,
	"SupplyAreaAvailableQuantity": 8167.18,
	"AvailableCommittedQty": 8400.29,
	"NotAvailableCommittedQty": 4073.14,
	"MaterialComponentIsMissing": false,
	"SupplyArea": "SupplyArea 9",
	"MRPControllerName": "MRPControllerName 9",
	"ReservationIsFinallyIssued": false,
	"MatlCompRequirementDate": "/Date(1526731312000)/",
	"MatlCompRequirementTime": "PT12H49M7S",
	"MatlCompIsMarkedForBackflush": false,
	"Batch": "Batch 9",
	"ComponentScrapInPercent": 6296.81,
	"IsNetScrap": true,
	"OperationScrapInPercent": 1245.5,
	"EntryUnit": "EntryUnit 9",
	"GoodsMovementEntryQty": 6004.25,
	"QuantityIsFixed": false,
	"BOMItemDescription": "BOMItemDescription 9",
	"MaterialComponentIsPhantomItem": true,
	"ManufacturingOrderCategory": "ManufacturingOrderCategory 9",
	"ManufacturingOrderType": "ManufacturingOrderType 9",
	"__metadata": {
		"uri": "C_Operationcomponents(Reservation='Reservation%209',ReservationItem='ReservationItem%209')",
		"type": "PP_MPE_OPER_MANAGE.C_OperationcomponentsType"
	}
}, {
	"Reservation": "Reservation 10",
	"ReservationItem": "ReservationItem 10",
	"ManufacturingOrder": "ManufacturingOrder 10",
	"ManufacturingOrderOperation": "ManufacturingOrderOperation 10",
	"ManufacturingOrderSequence": "ManufacturingOrderSequence 10",
	"Material": "Material 10",
	"MaterialName": "MaterialName 10",
	"ProductionPlant": "ProductionPlant 10",
	"Plant": "Plant 10",
	"StorageLocation": "StorageLocation 10",
	"InventorySpecialStockType": "InventorySpecialStockType 10",
	"ProductionPlantName": "ProductionPlantName 10",
	"BaseUnit": "BaseUnit 10",
	"RequiredQuantity": 8915.54,
	"WithdrawnQuantity": 6482.57,
	"UncoveredQuantity": 7463.31,
	"ConfirmedAvailableQuantity": 4047.79,
	"OpenQuantity": 3904.51,
	"MissingQuantity": 1439.81,
	"SupplyAreaAvailableQuantity": 8653.3,
	"AvailableCommittedQty": 1527.4,
	"NotAvailableCommittedQty": 6398.98,
	"MaterialComponentIsMissing": true,
	"SupplyArea": "SupplyArea 10",
	"MRPControllerName": "MRPControllerName 10",
	"ReservationIsFinallyIssued": false,
	"MatlCompRequirementDate": "/Date(1042117312000)/",
	"MatlCompRequirementTime": "PT8H8M23S",
	"MatlCompIsMarkedForBackflush": true,
	"Batch": "Batch 10",
	"ComponentScrapInPercent": 2071.42,
	"IsNetScrap": true,
	"OperationScrapInPercent": 9239.44,
	"EntryUnit": "EntryUnit 10",
	"GoodsMovementEntryQty": 6568.19,
	"QuantityIsFixed": true,
	"BOMItemDescription": "BOMItemDescription 10",
	"MaterialComponentIsPhantomItem": true,
	"ManufacturingOrderCategory": "ManufacturingOrderCategory 10",
	"ManufacturingOrderType": "ManufacturingOrderType 10",
	"__metadata": {
		"uri": "C_Operationcomponents(Reservation='Reservation%2010',ReservationItem='ReservationItem%2010')",
		"type": "PP_MPE_OPER_MANAGE.C_OperationcomponentsType"
	}
}]