<?xml version="1.0" encoding="UTF-8"?>
<!--

    Copyright (C) 2009-2019 SAP SE or an SAP affiliate company. All rights reserved.

-->
<edmx:Edmx Version="1.0" xmlns:edmx="http://schemas.microsoft.com/ado/2007/06/edmx" xmlns:m="http://schemas.microsoft.com/ado/2007/08/dataservices/metadata" xmlns:sap="http://www.sap.com/Protocols/SAPData">
    <edmx:Reference Uri="./IWFND/CATALOGSERVICE;v=2/Vocabularies(TechnicalName='%2FIWBEP%2FVOC_COMMON',Version='0001',SAP__Origin='LOCAL')/$value" xmlns:edmx="http://docs.oasis-open.org/odata/ns/edmx">
        <edmx:Include Alias="Common" Namespace="com.sap.vocabularies.Common.v1"/>
    </edmx:Reference>
    <edmx:DataServices m:DataServiceVersion="2.0">
        <Schema Namespace="PRODOPER_POVER" sap:schema-version="1" xml:lang="en" xmlns="http://schemas.microsoft.com/ado/2008/09/edm">
            <EntityType Name="C_ProdOperPoverType" sap:content-version="1" sap:label="Production Order Operations">
                <Key>
                    <PropertyRef Name="OrderInternalBillOfOperations"/>
                    <PropertyRef Name="OrderIntBillOfOperationsItem"/>
                </Key>
                <Property MaxLength="10" Name="OrderInternalBillOfOperations" Nullable="false" Type="Edm.String" sap:display-format="NonNegative" sap:label="Order Internal"/>
                <Property Name="OpPlannedTotalQuantity" Precision="13" Scale="3" Type="Edm.Decimal" sap:label="Operation Quantity" sap:unit="OperationUnit"/>
                <Property MaxLength="30" Name="StatusName" Type="Edm.String" sap:label="Status"/>
                <Property MaxLength="1" Name="ManufacturingOrderImportance" Type="Edm.String" sap:display-format="UpperCase" sap:label="Order Importance"/>
                <Property Name="MaterialComponentIsMissing" Type="Edm.Boolean" sap:display-format="UpperCase" sap:label="Missing Part"/>
                <Property Name="OperationExecutionEndIsLate" Type="Edm.Boolean" sap:display-format="UpperCase" sap:label="Checkbox"/>
                <Property MaxLength="3" Name="ProductionSupervisor" Type="Edm.String" sap:display-format="UpperCase" sap:label="Prodn Supervisor"/>
                <Property MaxLength="3" Name="WorkCenterResponsible" Type="Edm.String" sap:display-format="UpperCase" sap:label="Responsible"/>
                <Property Name="OpLtstSchedldExecStrtDte" Precision="0" Type="Edm.DateTime" sap:display-format="Date" sap:label="Execution Start Date"/>
                <Property Name="OpLtstSchedldExecStrtTme" Precision="0" Type="Edm.Time" sap:label="Execution Start Time"/>
                <Property Name="OpLtstSchedldProcgStrtDte" Precision="0" Type="Edm.DateTime" sap:display-format="Date" sap:label="Processing Start Dte"/>
                <Property MaxLength="8" Name="OrderIntBillOfOperationsItem" Nullable="false" Type="Edm.String" sap:display-format="NonNegative" sap:label="Order Internal Item"/>
                <Property Name="OpLtstSchedldProcgStrtTme" Precision="0" Type="Edm.Time" sap:label="Processing Start Tme"/>
                <Property Name="OpErlstSchedldExecStrtDte" Precision="0" Type="Edm.DateTime" sap:display-format="Date" sap:label="Execution Start Date"/>
                <Property Name="OpErlstSchedldExecStrtTme" Precision="0" Type="Edm.Time" sap:label="Execution Start Time"/>
                <Property Name="OperationConfirmedStartDate" Precision="0" Type="Edm.DateTime" sap:display-format="Date" sap:label="Confirmed Start Date"/>
                <Property Name="OpActualExecutionStartTime" Precision="0" Type="Edm.Time" sap:label="Execution Start Time"/>
                <Property Name="OpActualExecutionEndDate" Precision="0" Type="Edm.DateTime" sap:display-format="Date" sap:label="Execution End Date"/>
                <Property Name="OpActualExecutionEndTime" Precision="0" Type="Edm.Time" sap:label="Execution End Time"/>
                <Property Name="OpLtstSchedldExecEndDte" Precision="0" Type="Edm.DateTime" sap:display-format="Date" sap:label="Execution End Date"/>
                <Property Name="OpLtstSchedldExecEndTme" Precision="0" Type="Edm.Time" sap:label="Execution End Time"/>
                <Property Name="MaterialGoodsReceiptDuration" Precision="3" Scale="0" Type="Edm.Decimal" sap:label="GR processing time"/>
                <Property MaxLength="12" Name="ManufacturingOrder" Type="Edm.String" sap:display-format="UpperCase" sap:label="Manufacturing Order"/>
                <Property Name="OpPlannedScrapQuantity" Precision="13" Scale="3" Type="Edm.Decimal" sap:label="Planned Scrap" sap:unit="OperationUnit"/>
                <Property MaxLength="3" Name="ProductionUnit" Type="Edm.String" sap:label="Production Unit" sap:semantics="unit-of-measure"/>
                <Property Name="ActualDeliveredQuantity" Precision="13" Scale="3" Type="Edm.Decimal" sap:label="GR Quantity" sap:unit="ProductionUnit"/>
                <Property Name="OpenQuantity" Precision="14" Scale="3" Type="Edm.Decimal" sap:unit="OperationUnit"/>
                <Property MaxLength="12" Name="MfgOrderSuperiorMfgOrder" Type="Edm.String" sap:display-format="UpperCase" sap:label="Superior order"/>
                <Property MaxLength="10" Name="SalesOrder" Type="Edm.String" sap:display-format="UpperCase" sap:label="Sales Order"/>
                <Property MaxLength="10" Name="SoldToParty" Type="Edm.String" sap:display-format="UpperCase" sap:label="Sold-To Party"/>
                <Property MaxLength="10" Name="Customer" Type="Edm.String" sap:display-format="UpperCase" sap:label="Customer"/>
                <Property MaxLength="80" Name="FullName" Type="Edm.String" sap:label="Fullname"/>
                <Property MaxLength="24" Name="WBSElementInternalID" Type="Edm.String" sap:display-format="NonNegative" sap:label="WBS Element Internal"/>
                <Property MaxLength="40" Name="MfgOrderOperationText" Type="Edm.String" sap:label="Operation Text"/>
                <Property MaxLength="24" Name="ProjectInternalID" Type="Edm.String" sap:display-format="NonNegative" sap:label="Project def."/>
                <Property MaxLength="2" Name="ManufacturingOrderCategory" Type="Edm.String" sap:display-format="NonNegative" sap:label="Order Category"/>
                <Property MaxLength="4" Name="ManufacturingOrderType" Type="Edm.String" sap:display-format="UpperCase" sap:label="Order Type"/>
                <Property MaxLength="4" Name="ProductionPlant" Type="Edm.String" sap:display-format="UpperCase" sap:label="Production Plant"/>
                <Property MaxLength="40" Name="Material" Type="Edm.String" sap:display-format="UpperCase" sap:label="Material"/>
                <Property MaxLength="40" Name="MaterialName" Type="Edm.String" sap:label="Material Description"/>
                <Property MaxLength="8" Name="WorkCenter" Type="Edm.String" sap:display-format="UpperCase" sap:label="Work Center"/>
                <Property MaxLength="4" Name="ManufacturingOrderOperation" Type="Edm.String" sap:display-format="UpperCase" sap:label="Order Operation" sap:text="MfgOrderOperationText"/>
                <Property MaxLength="3" Name="OperationUnit" Type="Edm.String" sap:label="Operation Unit" sap:semantics="unit-of-measure"/>
            </EntityType>
            <EntityContainer Name="PRODOPER_POVER_Entities" m:IsDefaultEntityContainer="true" sap:supported-formats="atom json xlsx">
                <EntitySet EntityType="PRODOPER_POVER.C_ProdOperPoverType" Name="C_ProdOperPover" sap:content-version="1" sap:creatable="false" sap:deletable="false" sap:updatable="false"/>
            </EntityContainer>
            <atom:link href="./sap/PRODOPER_POVER/$metadata" rel="self" xmlns:atom="http://www.w3.org/2005/Atom"/>
                <atom:link href="./sap/PRODOPER_POVER/$metadata" rel="latest-version" xmlns:atom="http://www.w3.org/2005/Atom"/>
                </Schema>
            </edmx:DataServices>
        </edmx:Edmx>