<?xml version="1.0" encoding="UTF-8"?>
<!--

    Copyright (C) 2009-2019 SAP SE or an SAP affiliate company. All rights reserved.

-->
<edmx:Edmx Version="1.0" xmlns:edmx="http://schemas.microsoft.com/ado/2007/06/edmx" xmlns:m="http://schemas.microsoft.com/ado/2007/08/dataservices/metadata" xmlns:sap="http://www.sap.com/Protocols/SAPData">
    <edmx:Reference Uri="./IWFND/CATALOGSERVICE;v=2/Vocabularies(TechnicalName='%2FIWBEP%2FVOC_COMMON',Version='0001',SAP__Origin='LOCAL')/$value" xmlns:edmx="http://docs.oasis-open.org/odata/ns/edmx">
        <edmx:Include Alias="Common" Namespace="com.sap.vocabularies.Common.v1"/>
    </edmx:Reference>
    <edmx:DataServices m:DataServiceVersion="2.0">
        <Schema Namespace="MPE_WORKCENTER_POVER" sap:schema-version="1" xml:lang="en" xmlns="http://schemas.microsoft.com/ado/2008/09/edm">
            <EntityType Name="C_MPE_WorkCenterPoverType" sap:content-version="1" sap:label="Work Center Popover">
                <Key>
                    <PropertyRef Name="WorkCenterInternalID"/>
                    <PropertyRef Name="WorkCenterTypeCode"/>
                    <PropertyRef Name="ManufacturingOrder"/>
                    <PropertyRef Name="ManufacturingOrderOperation"/>
                </Key>
                <Property MaxLength="8" Name="WorkCenterInternalID" Nullable="false" Type="Edm.String" sap:display-format="NonNegative" sap:label="Object ID"/>
                <Property MaxLength="40" Name="Material" Type="Edm.String" sap:display-format="UpperCase" sap:label="Material"/>
                <Property MaxLength="40" Name="WorkCenterText" Type="Edm.String" sap:label="Work Center Text"/>
                <Property MaxLength="3" Name="WorkCenterResponsible" Type="Edm.String" sap:display-format="UpperCase" sap:label="Responsible"/>
                <Property MaxLength="40" Name="WorkCenterResponsibleName" Type="Edm.String" sap:label="Name of Responsible"/>
                <Property Name="ValidityEndDate" Precision="0" Type="Edm.DateTime" sap:display-format="Date" sap:label="End Date"/>
                <Property Name="NumberOfCurrentOperations" Type="Edm.Byte"/>
                <Property MaxLength="4" Name="WorkCenterCategoryCode" Type="Edm.String" sap:display-format="UpperCase" sap:label="Work Center Category"/>
                <Property MaxLength="10" Name="WorkCenterLocation" Type="Edm.String" sap:display-format="UpperCase" sap:label="Location"/>
                <Property MaxLength="10" Name="SupplyArea" Type="Edm.String" sap:display-format="UpperCase" sap:label="Supply Area"/>
                <Property MaxLength="3" Name="CapacityCategoryCode" Type="Edm.String" sap:display-format="UpperCase" sap:label="Capacity Category"/>
                <Property MaxLength="2" Name="WorkCenterTypeCode" Nullable="false" Type="Edm.String" sap:display-format="UpperCase" sap:label="Object Type"/>
                <Property MaxLength="20" Name="CapacityCategoryName" Type="Edm.String" sap:label="Capacity Cat. Name"/>
                <Property MaxLength="8" Name="CapacityInternalID" Type="Edm.String" sap:display-format="NonNegative" sap:label="Capacity ID"/>
                <Property MaxLength="8" Name="Capacity" Type="Edm.String" sap:display-format="UpperCase" sap:label="Capacity"/>
                <Property MaxLength="40" Name="CapacityText" Type="Edm.String" sap:label="Capacity Text"/>
                <Property Name="CapacityNumberOfCapacities" Type="Edm.Int16" sap:label="No. Ind. Capacities"/>
                <Property MaxLength="10" Name="MachineType" Type="Edm.String" sap:display-format="UpperCase" sap:label="Machine Type"/>
                <Property MaxLength="4" Name="ControllingArea" Type="Edm.String" sap:display-format="UpperCase" sap:label="Controlling Area"/>
                <Property MaxLength="10" Name="CostCenter" Type="Edm.String" sap:display-format="UpperCase" sap:label="Cost Center"/>
                <Property MaxLength="4" Name="Plant" Type="Edm.String" sap:display-format="UpperCase" sap:label="Plant"/>
                <Property MaxLength="12" Name="ManufacturingOrder" Nullable="false" Type="Edm.String" sap:display-format="UpperCase" sap:label="Manufacturing Order"/>
                <Property MaxLength="4" Name="ManufacturingOrderOperation" Nullable="false" Type="Edm.String" sap:display-format="UpperCase" sap:label="Order Operation" sap:text="MfgOrderOperationText"/>
                <Property MaxLength="40" Name="MfgOrderOperationText" Type="Edm.String" sap:label="Operation Text"/>
                <Property Name="OpActualExecutionStartDate" Precision="0" Type="Edm.DateTime" sap:display-format="Date" sap:label="Execution Start Date"/>
                <Property Name="OpLtstSchedldExecEndDte" Precision="0" Type="Edm.DateTime" sap:display-format="Date" sap:label="Execution End Date"/>
                <Property MaxLength="3" Name="OperationUnit" Type="Edm.String" sap:label="Operation Unit" sap:semantics="unit-of-measure"/>
                <Property Name="OpPlannedTotalQuantity" Precision="13" Scale="3" Type="Edm.Decimal" sap:label="Operation Quantity" sap:unit="OperationUnit"/>
            </EntityType>
            <EntityContainer Name="MPE_WORKCENTER_POVER_Entities" m:IsDefaultEntityContainer="true" sap:supported-formats="atom json xlsx">
                <EntitySet EntityType="MPE_WORKCENTER_POVER.C_MPE_WorkCenterPoverType" Name="C_MPE_WorkCenterPover" sap:content-version="1" sap:creatable="false" sap:deletable="false" sap:updatable="false"/>
            </EntityContainer>
            <atom:link href="./sap/MPE_WORKCENTER_POVER/$metadata" rel="self" xmlns:atom="http://www.w3.org/2005/Atom"/>
                <atom:link href="./sap/MPE_WORKCENTER_POVER/$metadata" rel="latest-version" xmlns:atom="http://www.w3.org/2005/Atom"/>
                </Schema>
            </edmx:DataServices>
        </edmx:Edmx>