{
	"_version": "1.1.0",
	"resources": [
		{
			"name": "Component-dbg.js",
			"module": "i2d/mpe/operations/manages1/Component.js",
			"isDebug": true,
			"required": [
				"i2d/mpe/operations/manages1/controller/ErrorHandler.js",
				"i2d/mpe/operations/manages1/model/models.js",
				"sap/ui/Device.js",
				"sap/ui/core/UIComponent.js",
				"sap/ui/core/routing/HashChanger.js"
			]
		},
		{
			"name": "Component-h2-preload-dbg.js",
			"module": "i2d/mpe/operations/manages1/Component-h2-preload.js",
			"isDebug": true,
			"merged": true,
			"required": [
				"sap/f/DynamicPage.js",
				"sap/f/DynamicPageHeader.js",
				"sap/f/DynamicPageTitle.js",
				"sap/i2d/mpe/lib/aors1/AOR/AORFragmentHandler.js",
				"sap/i2d/mpe/lib/commons1/blocks/ComponentsBlock.js",
				"sap/i2d/mpe/lib/commons1/blocks/OrderScheduleBlock.js",
				"sap/i2d/mpe/lib/commons1/blocks/PRTBlock.js",
				"sap/i2d/mpe/lib/commons1/fragments/ApplyHoldDialog.js",
				"sap/i2d/mpe/lib/commons1/fragments/HoldMessageStrip.fragment.xml",
				"sap/i2d/mpe/lib/commons1/fragments/HoldMessageStrip.js",
				"sap/i2d/mpe/lib/commons1/fragments/OrdSpcfcChange.js",
				"sap/i2d/mpe/lib/commons1/fragments/OrderOperationStatus.js",
				"sap/i2d/mpe/lib/commons1/fragments/ReleaseHoldDialog.js",
				"sap/i2d/mpe/lib/commons1/utils/NavHelper.js",
				"sap/i2d/mpe/lib/commons1/utils/constants.js",
				"sap/i2d/mpe/lib/commons1/utils/formatter.js",
				"sap/i2d/mpe/lib/commons1/utils/saveAsTile.js",
				"sap/i2d/mpe/lib/commons1/utils/util.js",
				"sap/i2d/mpe/lib/popovers1/fragments/IssuePopOverController.js",
				"sap/i2d/mpe/lib/popovers1/fragments/MaterialController.js",
				"sap/i2d/mpe/lib/popovers1/fragments/ProductionOrderController.js",
				"sap/i2d/mpe/lib/popovers1/fragments/ProductionOrderOperationsController.js",
				"sap/i2d/mpe/lib/popovers1/fragments/WorkCenterController.js",
				"sap/i2d/mpe/lib/qmcomps1/util/Defects.js",
				"sap/i2d/mpe/lib/qmcomps1/util/Formatter.js",
				"sap/i2d/mpe/lib/qmcomps1/view/AggregatedResults.view.xml",
				"sap/i2d/mpe/lib/qmcomps1/view/DefectsFragment/DefectMessageStrip.fragment.xml",
				"sap/i2d/mpe/lib/qmcomps1/view/DefectsFragment/defectRecordingList.fragment.xml",
				"sap/i2d/mpe/lib/workuicomps1/fragments/ChangeAlertComparisonDialog.js",
				"sap/m/App.js",
				"sap/m/Button.js",
				"sap/m/Column.js",
				"sap/m/ColumnListItem.js",
				"sap/m/HBox.js",
				"sap/m/Label.js",
				"sap/m/Link.js",
				"sap/m/MessageBox.js",
				"sap/m/MessagePage.js",
				"sap/m/MessageStrip.js",
				"sap/m/MessageToast.js",
				"sap/m/MultiComboBox.js",
				"sap/m/ObjectAttribute.js",
				"sap/m/ObjectIdentifier.js",
				"sap/m/ObjectNumber.js",
				"sap/m/ObjectStatus.js",
				"sap/m/OverflowToolbar.js",
				"sap/m/ProgressIndicator.js",
				"sap/m/SearchField.js",
				"sap/m/SegmentedButton.js",
				"sap/m/SegmentedButtonItem.js",
				"sap/m/Select.js",
				"sap/m/Table.js",
				"sap/m/Text.js",
				"sap/m/ToolbarSpacer.js",
				"sap/m/UploadCollection.js",
				"sap/m/UploadCollectionItem.js",
				"sap/m/VBox.js",
				"sap/m/semantic/FullscreenPage.js",
				"sap/suite/ui/microchart/StackedBarMicroChart.js",
				"sap/suite/ui/microchart/StackedBarMicroChartBar.js",
				"sap/ui/Device.js",
				"sap/ui/base/Object.js",
				"sap/ui/comp/smartfilterbar/ControlConfiguration.js",
				"sap/ui/comp/smartfilterbar/SmartFilterBar.js",
				"sap/ui/comp/smarttable/SmartTable.js",
				"sap/ui/comp/smartvariants/SmartVariantManagement.js",
				"sap/ui/core/ComponentContainer.js",
				"sap/ui/core/CustomData.js",
				"sap/ui/core/ExtensionPoint.js",
				"sap/ui/core/Fragment.js",
				"sap/ui/core/Icon.js",
				"sap/ui/core/Item.js",
				"sap/ui/core/UIComponent.js",
				"sap/ui/core/format/DateFormat.js",
				"sap/ui/core/format/NumberFormat.js",
				"sap/ui/core/mvc/Controller.js",
				"sap/ui/core/mvc/XMLView.js",
				"sap/ui/core/routing/HashChanger.js",
				"sap/ui/core/routing/History.js",
				"sap/ui/layout/VerticalLayout.js",
				"sap/ui/model/Filter.js",
				"sap/ui/model/FilterOperator.js",
				"sap/ui/model/Sorter.js",
				"sap/ui/model/json/JSONModel.js",
				"sap/ui/model/odata/type/Time.js",
				"sap/ui/model/resource/ResourceModel.js",
				"sap/uxap/BlockBase.js",
				"sap/uxap/ObjectPageHeader.js",
				"sap/uxap/ObjectPageLayout.js",
				"sap/uxap/ObjectPageSection.js",
				"sap/uxap/ObjectPageSubSection.js"
			],
			"included": [
				"i2d/mpe/operations/manages1/Component.js",
				"i2d/mpe/operations/manages1/manifest.json",
				"i2d/mpe/operations/manages1/blocks/ActivitiesBlock.js",
				"i2d/mpe/operations/manages1/blocks/ActivitiesBlock.view.xml",
				"i2d/mpe/operations/manages1/blocks/ActivitiesBlockController.controller.js",
				"i2d/mpe/operations/manages1/blocks/ConfirmationBlock.js",
				"i2d/mpe/operations/manages1/blocks/ConfirmationBlock.view.xml",
				"i2d/mpe/operations/manages1/blocks/ConfirmationBlockController.controller.js",
				"i2d/mpe/operations/manages1/blocks/InspectionBlock.js",
				"i2d/mpe/operations/manages1/blocks/InspectionBlock.view.xml",
				"i2d/mpe/operations/manages1/blocks/InspectionBlockController.controller.js",
				"i2d/mpe/operations/manages1/blocks/IssuesBlock.js",
				"i2d/mpe/operations/manages1/blocks/IssuesBlock.view.xml",
				"i2d/mpe/operations/manages1/blocks/IssuesBlockController.controller.js",
				"i2d/mpe/operations/manages1/blocks/OperationDetailsHeader.fragment.xml",
				"i2d/mpe/operations/manages1/blocks/OperationInProgressBlock.js",
				"i2d/mpe/operations/manages1/blocks/OperationInProgressBlock.view.xml",
				"i2d/mpe/operations/manages1/blocks/OperationInProgressController.controller.js",
				"i2d/mpe/operations/manages1/blocks/OperationNotStartedBlock.js",
				"i2d/mpe/operations/manages1/blocks/OperationNotStartedBlock.view.xml",
				"i2d/mpe/operations/manages1/blocks/OperationNotStartedController.controller.js",
				"i2d/mpe/operations/manages1/controller/ActivityObject.controller.js",
				"i2d/mpe/operations/manages1/controller/App.controller.js",
				"i2d/mpe/operations/manages1/controller/BaseController.js",
				"i2d/mpe/operations/manages1/controller/ErrorHandler.js",
				"i2d/mpe/operations/manages1/controller/NotFound.controller.js",
				"i2d/mpe/operations/manages1/controller/Object.controller.js",
				"i2d/mpe/operations/manages1/controller/Worklist.controller.js",
				"i2d/mpe/operations/manages1/i18n/i18n.properties",
				"i2d/mpe/operations/manages1/i18n/i18n_ar.properties",
				"i2d/mpe/operations/manages1/i18n/i18n_bg.properties",
				"i2d/mpe/operations/manages1/i18n/i18n_ca.properties",
				"i2d/mpe/operations/manages1/i18n/i18n_cs.properties",
				"i2d/mpe/operations/manages1/i18n/i18n_da.properties",
				"i2d/mpe/operations/manages1/i18n/i18n_de.properties",
				"i2d/mpe/operations/manages1/i18n/i18n_el.properties",
				"i2d/mpe/operations/manages1/i18n/i18n_en.properties",
				"i2d/mpe/operations/manages1/i18n/i18n_en_US_sappsd.properties",
				"i2d/mpe/operations/manages1/i18n/i18n_en_US_saptrc.properties",
				"i2d/mpe/operations/manages1/i18n/i18n_es.properties",
				"i2d/mpe/operations/manages1/i18n/i18n_et.properties",
				"i2d/mpe/operations/manages1/i18n/i18n_fi.properties",
				"i2d/mpe/operations/manages1/i18n/i18n_fr.properties",
				"i2d/mpe/operations/manages1/i18n/i18n_hi.properties",
				"i2d/mpe/operations/manages1/i18n/i18n_hr.properties",
				"i2d/mpe/operations/manages1/i18n/i18n_hu.properties",
				"i2d/mpe/operations/manages1/i18n/i18n_it.properties",
				"i2d/mpe/operations/manages1/i18n/i18n_iw.properties",
				"i2d/mpe/operations/manages1/i18n/i18n_ja.properties",
				"i2d/mpe/operations/manages1/i18n/i18n_kk.properties",
				"i2d/mpe/operations/manages1/i18n/i18n_ko.properties",
				"i2d/mpe/operations/manages1/i18n/i18n_lt.properties",
				"i2d/mpe/operations/manages1/i18n/i18n_lv.properties",
				"i2d/mpe/operations/manages1/i18n/i18n_ms.properties",
				"i2d/mpe/operations/manages1/i18n/i18n_nl.properties",
				"i2d/mpe/operations/manages1/i18n/i18n_no.properties",
				"i2d/mpe/operations/manages1/i18n/i18n_pl.properties",
				"i2d/mpe/operations/manages1/i18n/i18n_pt.properties",
				"i2d/mpe/operations/manages1/i18n/i18n_ro.properties",
				"i2d/mpe/operations/manages1/i18n/i18n_ru.properties",
				"i2d/mpe/operations/manages1/i18n/i18n_sh.properties",
				"i2d/mpe/operations/manages1/i18n/i18n_sk.properties",
				"i2d/mpe/operations/manages1/i18n/i18n_sl.properties",
				"i2d/mpe/operations/manages1/i18n/i18n_sv.properties",
				"i2d/mpe/operations/manages1/i18n/i18n_th.properties",
				"i2d/mpe/operations/manages1/i18n/i18n_tr.properties",
				"i2d/mpe/operations/manages1/i18n/i18n_uk.properties",
				"i2d/mpe/operations/manages1/i18n/i18n_vi.properties",
				"i2d/mpe/operations/manages1/i18n/i18n_zh_CN.properties",
				"i2d/mpe/operations/manages1/i18n/i18n_zh_TW.properties",
				"i2d/mpe/operations/manages1/model/formatter.js",
				"i2d/mpe/operations/manages1/model/models.js",
				"i2d/mpe/operations/manages1/utility/InlineWorkInstructions.js",
				"i2d/mpe/operations/manages1/view/ActivityObject.view.xml",
				"i2d/mpe/operations/manages1/view/App.view.xml",
				"i2d/mpe/operations/manages1/view/NotFound.view.xml",
				"i2d/mpe/operations/manages1/view/Object.view.xml",
				"i2d/mpe/operations/manages1/view/ObjectNotFound.view.xml",
				"i2d/mpe/operations/manages1/view/Worklist.view.xml"
			]
		},
		{
			"name": "Component-h2-preload.js",
			"module": "i2d/mpe/operations/manages1/Component-h2-preload.js",
			"merged": true,
			"required": [
				"sap/f/DynamicPage.js",
				"sap/f/DynamicPageHeader.js",
				"sap/f/DynamicPageTitle.js",
				"sap/i2d/mpe/lib/aors1/AOR/AORFragmentHandler.js",
				"sap/i2d/mpe/lib/commons1/blocks/ComponentsBlock.js",
				"sap/i2d/mpe/lib/commons1/blocks/OrderScheduleBlock.js",
				"sap/i2d/mpe/lib/commons1/blocks/PRTBlock.js",
				"sap/i2d/mpe/lib/commons1/fragments/ApplyHoldDialog.js",
				"sap/i2d/mpe/lib/commons1/fragments/HoldMessageStrip.fragment.xml",
				"sap/i2d/mpe/lib/commons1/fragments/HoldMessageStrip.js",
				"sap/i2d/mpe/lib/commons1/fragments/OrdSpcfcChange.js",
				"sap/i2d/mpe/lib/commons1/fragments/OrderOperationStatus.js",
				"sap/i2d/mpe/lib/commons1/fragments/ReleaseHoldDialog.js",
				"sap/i2d/mpe/lib/commons1/utils/NavHelper.js",
				"sap/i2d/mpe/lib/commons1/utils/constants.js",
				"sap/i2d/mpe/lib/commons1/utils/formatter.js",
				"sap/i2d/mpe/lib/commons1/utils/saveAsTile.js",
				"sap/i2d/mpe/lib/commons1/utils/util.js",
				"sap/i2d/mpe/lib/popovers1/fragments/IssuePopOverController.js",
				"sap/i2d/mpe/lib/popovers1/fragments/MaterialController.js",
				"sap/i2d/mpe/lib/popovers1/fragments/ProductionOrderController.js",
				"sap/i2d/mpe/lib/popovers1/fragments/ProductionOrderOperationsController.js",
				"sap/i2d/mpe/lib/popovers1/fragments/WorkCenterController.js",
				"sap/i2d/mpe/lib/qmcomps1/util/Defects.js",
				"sap/i2d/mpe/lib/qmcomps1/util/Formatter.js",
				"sap/i2d/mpe/lib/qmcomps1/view/AggregatedResults.view.xml",
				"sap/i2d/mpe/lib/qmcomps1/view/DefectsFragment/DefectMessageStrip.fragment.xml",
				"sap/i2d/mpe/lib/qmcomps1/view/DefectsFragment/defectRecordingList.fragment.xml",
				"sap/i2d/mpe/lib/workuicomps1/fragments/ChangeAlertComparisonDialog.js",
				"sap/m/App.js",
				"sap/m/Button.js",
				"sap/m/Column.js",
				"sap/m/ColumnListItem.js",
				"sap/m/HBox.js",
				"sap/m/Label.js",
				"sap/m/Link.js",
				"sap/m/MessageBox.js",
				"sap/m/MessagePage.js",
				"sap/m/MessageStrip.js",
				"sap/m/MessageToast.js",
				"sap/m/MultiComboBox.js",
				"sap/m/ObjectAttribute.js",
				"sap/m/ObjectIdentifier.js",
				"sap/m/ObjectNumber.js",
				"sap/m/ObjectStatus.js",
				"sap/m/OverflowToolbar.js",
				"sap/m/ProgressIndicator.js",
				"sap/m/SearchField.js",
				"sap/m/SegmentedButton.js",
				"sap/m/SegmentedButtonItem.js",
				"sap/m/Select.js",
				"sap/m/Table.js",
				"sap/m/Text.js",
				"sap/m/ToolbarSpacer.js",
				"sap/m/UploadCollection.js",
				"sap/m/UploadCollectionItem.js",
				"sap/m/VBox.js",
				"sap/m/semantic/FullscreenPage.js",
				"sap/suite/ui/microchart/StackedBarMicroChart.js",
				"sap/suite/ui/microchart/StackedBarMicroChartBar.js",
				"sap/ui/Device.js",
				"sap/ui/base/Object.js",
				"sap/ui/comp/smartfilterbar/ControlConfiguration.js",
				"sap/ui/comp/smartfilterbar/SmartFilterBar.js",
				"sap/ui/comp/smarttable/SmartTable.js",
				"sap/ui/comp/smartvariants/SmartVariantManagement.js",
				"sap/ui/core/ComponentContainer.js",
				"sap/ui/core/CustomData.js",
				"sap/ui/core/ExtensionPoint.js",
				"sap/ui/core/Fragment.js",
				"sap/ui/core/Icon.js",
				"sap/ui/core/Item.js",
				"sap/ui/core/UIComponent.js",
				"sap/ui/core/format/DateFormat.js",
				"sap/ui/core/format/NumberFormat.js",
				"sap/ui/core/mvc/Controller.js",
				"sap/ui/core/mvc/XMLView.js",
				"sap/ui/core/routing/HashChanger.js",
				"sap/ui/core/routing/History.js",
				"sap/ui/layout/VerticalLayout.js",
				"sap/ui/model/Filter.js",
				"sap/ui/model/FilterOperator.js",
				"sap/ui/model/Sorter.js",
				"sap/ui/model/json/JSONModel.js",
				"sap/ui/model/odata/type/Time.js",
				"sap/ui/model/resource/ResourceModel.js",
				"sap/uxap/BlockBase.js",
				"sap/uxap/ObjectPageHeader.js",
				"sap/uxap/ObjectPageLayout.js",
				"sap/uxap/ObjectPageSection.js",
				"sap/uxap/ObjectPageSubSection.js"
			],
			"included": [
				"i2d/mpe/operations/manages1/Component.js",
				"i2d/mpe/operations/manages1/manifest.json",
				"i2d/mpe/operations/manages1/blocks/ActivitiesBlock.js",
				"i2d/mpe/operations/manages1/blocks/ActivitiesBlock.view.xml",
				"i2d/mpe/operations/manages1/blocks/ActivitiesBlockController.controller.js",
				"i2d/mpe/operations/manages1/blocks/ConfirmationBlock.js",
				"i2d/mpe/operations/manages1/blocks/ConfirmationBlock.view.xml",
				"i2d/mpe/operations/manages1/blocks/ConfirmationBlockController.controller.js",
				"i2d/mpe/operations/manages1/blocks/InspectionBlock.js",
				"i2d/mpe/operations/manages1/blocks/InspectionBlock.view.xml",
				"i2d/mpe/operations/manages1/blocks/InspectionBlockController.controller.js",
				"i2d/mpe/operations/manages1/blocks/IssuesBlock.js",
				"i2d/mpe/operations/manages1/blocks/IssuesBlock.view.xml",
				"i2d/mpe/operations/manages1/blocks/IssuesBlockController.controller.js",
				"i2d/mpe/operations/manages1/blocks/OperationDetailsHeader.fragment.xml",
				"i2d/mpe/operations/manages1/blocks/OperationInProgressBlock.js",
				"i2d/mpe/operations/manages1/blocks/OperationInProgressBlock.view.xml",
				"i2d/mpe/operations/manages1/blocks/OperationInProgressController.controller.js",
				"i2d/mpe/operations/manages1/blocks/OperationNotStartedBlock.js",
				"i2d/mpe/operations/manages1/blocks/OperationNotStartedBlock.view.xml",
				"i2d/mpe/operations/manages1/blocks/OperationNotStartedController.controller.js",
				"i2d/mpe/operations/manages1/controller/ActivityObject.controller.js",
				"i2d/mpe/operations/manages1/controller/App.controller.js",
				"i2d/mpe/operations/manages1/controller/BaseController.js",
				"i2d/mpe/operations/manages1/controller/ErrorHandler.js",
				"i2d/mpe/operations/manages1/controller/NotFound.controller.js",
				"i2d/mpe/operations/manages1/controller/Object.controller.js",
				"i2d/mpe/operations/manages1/controller/Worklist.controller.js",
				"i2d/mpe/operations/manages1/i18n/i18n.properties",
				"i2d/mpe/operations/manages1/i18n/i18n_ar.properties",
				"i2d/mpe/operations/manages1/i18n/i18n_bg.properties",
				"i2d/mpe/operations/manages1/i18n/i18n_ca.properties",
				"i2d/mpe/operations/manages1/i18n/i18n_cs.properties",
				"i2d/mpe/operations/manages1/i18n/i18n_da.properties",
				"i2d/mpe/operations/manages1/i18n/i18n_de.properties",
				"i2d/mpe/operations/manages1/i18n/i18n_el.properties",
				"i2d/mpe/operations/manages1/i18n/i18n_en.properties",
				"i2d/mpe/operations/manages1/i18n/i18n_en_US_sappsd.properties",
				"i2d/mpe/operations/manages1/i18n/i18n_en_US_saptrc.properties",
				"i2d/mpe/operations/manages1/i18n/i18n_es.properties",
				"i2d/mpe/operations/manages1/i18n/i18n_et.properties",
				"i2d/mpe/operations/manages1/i18n/i18n_fi.properties",
				"i2d/mpe/operations/manages1/i18n/i18n_fr.properties",
				"i2d/mpe/operations/manages1/i18n/i18n_hi.properties",
				"i2d/mpe/operations/manages1/i18n/i18n_hr.properties",
				"i2d/mpe/operations/manages1/i18n/i18n_hu.properties",
				"i2d/mpe/operations/manages1/i18n/i18n_it.properties",
				"i2d/mpe/operations/manages1/i18n/i18n_iw.properties",
				"i2d/mpe/operations/manages1/i18n/i18n_ja.properties",
				"i2d/mpe/operations/manages1/i18n/i18n_kk.properties",
				"i2d/mpe/operations/manages1/i18n/i18n_ko.properties",
				"i2d/mpe/operations/manages1/i18n/i18n_lt.properties",
				"i2d/mpe/operations/manages1/i18n/i18n_lv.properties",
				"i2d/mpe/operations/manages1/i18n/i18n_ms.properties",
				"i2d/mpe/operations/manages1/i18n/i18n_nl.properties",
				"i2d/mpe/operations/manages1/i18n/i18n_no.properties",
				"i2d/mpe/operations/manages1/i18n/i18n_pl.properties",
				"i2d/mpe/operations/manages1/i18n/i18n_pt.properties",
				"i2d/mpe/operations/manages1/i18n/i18n_ro.properties",
				"i2d/mpe/operations/manages1/i18n/i18n_ru.properties",
				"i2d/mpe/operations/manages1/i18n/i18n_sh.properties",
				"i2d/mpe/operations/manages1/i18n/i18n_sk.properties",
				"i2d/mpe/operations/manages1/i18n/i18n_sl.properties",
				"i2d/mpe/operations/manages1/i18n/i18n_sv.properties",
				"i2d/mpe/operations/manages1/i18n/i18n_th.properties",
				"i2d/mpe/operations/manages1/i18n/i18n_tr.properties",
				"i2d/mpe/operations/manages1/i18n/i18n_uk.properties",
				"i2d/mpe/operations/manages1/i18n/i18n_vi.properties",
				"i2d/mpe/operations/manages1/i18n/i18n_zh_CN.properties",
				"i2d/mpe/operations/manages1/i18n/i18n_zh_TW.properties",
				"i2d/mpe/operations/manages1/model/formatter.js",
				"i2d/mpe/operations/manages1/model/models.js",
				"i2d/mpe/operations/manages1/utility/InlineWorkInstructions.js",
				"i2d/mpe/operations/manages1/view/ActivityObject.view.xml",
				"i2d/mpe/operations/manages1/view/App.view.xml",
				"i2d/mpe/operations/manages1/view/NotFound.view.xml",
				"i2d/mpe/operations/manages1/view/Object.view.xml",
				"i2d/mpe/operations/manages1/view/ObjectNotFound.view.xml",
				"i2d/mpe/operations/manages1/view/Worklist.view.xml"
			]
		},
		{
			"name": "Component-preload.js",
			"module": "i2d/mpe/operations/manages1/Component-preload.js",
			"merged": true,
			"required": [
				"sap/f/DynamicPage.js",
				"sap/f/DynamicPageHeader.js",
				"sap/f/DynamicPageTitle.js",
				"sap/i2d/mpe/lib/aors1/AOR/AORFragmentHandler.js",
				"sap/i2d/mpe/lib/commons1/blocks/ComponentsBlock.js",
				"sap/i2d/mpe/lib/commons1/blocks/OrderScheduleBlock.js",
				"sap/i2d/mpe/lib/commons1/blocks/PRTBlock.js",
				"sap/i2d/mpe/lib/commons1/fragments/ApplyHoldDialog.js",
				"sap/i2d/mpe/lib/commons1/fragments/HoldMessageStrip.fragment.xml",
				"sap/i2d/mpe/lib/commons1/fragments/HoldMessageStrip.js",
				"sap/i2d/mpe/lib/commons1/fragments/OrdSpcfcChange.js",
				"sap/i2d/mpe/lib/commons1/fragments/OrderOperationStatus.js",
				"sap/i2d/mpe/lib/commons1/fragments/ReleaseHoldDialog.js",
				"sap/i2d/mpe/lib/commons1/utils/NavHelper.js",
				"sap/i2d/mpe/lib/commons1/utils/constants.js",
				"sap/i2d/mpe/lib/commons1/utils/formatter.js",
				"sap/i2d/mpe/lib/commons1/utils/saveAsTile.js",
				"sap/i2d/mpe/lib/commons1/utils/util.js",
				"sap/i2d/mpe/lib/popovers1/fragments/IssuePopOverController.js",
				"sap/i2d/mpe/lib/popovers1/fragments/MaterialController.js",
				"sap/i2d/mpe/lib/popovers1/fragments/ProductionOrderController.js",
				"sap/i2d/mpe/lib/popovers1/fragments/ProductionOrderOperationsController.js",
				"sap/i2d/mpe/lib/popovers1/fragments/WorkCenterController.js",
				"sap/i2d/mpe/lib/qmcomps1/util/Defects.js",
				"sap/i2d/mpe/lib/qmcomps1/util/Formatter.js",
				"sap/i2d/mpe/lib/qmcomps1/view/AggregatedResults.view.xml",
				"sap/i2d/mpe/lib/qmcomps1/view/DefectsFragment/DefectMessageStrip.fragment.xml",
				"sap/i2d/mpe/lib/qmcomps1/view/DefectsFragment/defectRecordingList.fragment.xml",
				"sap/i2d/mpe/lib/workuicomps1/fragments/ChangeAlertComparisonDialog.js",
				"sap/m/App.js",
				"sap/m/Button.js",
				"sap/m/Column.js",
				"sap/m/ColumnListItem.js",
				"sap/m/HBox.js",
				"sap/m/Label.js",
				"sap/m/Link.js",
				"sap/m/MessageBox.js",
				"sap/m/MessagePage.js",
				"sap/m/MessageStrip.js",
				"sap/m/MessageToast.js",
				"sap/m/MultiComboBox.js",
				"sap/m/ObjectAttribute.js",
				"sap/m/ObjectIdentifier.js",
				"sap/m/ObjectNumber.js",
				"sap/m/ObjectStatus.js",
				"sap/m/OverflowToolbar.js",
				"sap/m/ProgressIndicator.js",
				"sap/m/SearchField.js",
				"sap/m/SegmentedButton.js",
				"sap/m/SegmentedButtonItem.js",
				"sap/m/Select.js",
				"sap/m/Table.js",
				"sap/m/Text.js",
				"sap/m/ToolbarSpacer.js",
				"sap/m/UploadCollection.js",
				"sap/m/UploadCollectionItem.js",
				"sap/m/VBox.js",
				"sap/m/semantic/FullscreenPage.js",
				"sap/suite/ui/microchart/StackedBarMicroChart.js",
				"sap/suite/ui/microchart/StackedBarMicroChartBar.js",
				"sap/ui/Device.js",
				"sap/ui/base/Object.js",
				"sap/ui/comp/smartfilterbar/ControlConfiguration.js",
				"sap/ui/comp/smartfilterbar/SmartFilterBar.js",
				"sap/ui/comp/smarttable/SmartTable.js",
				"sap/ui/comp/smartvariants/SmartVariantManagement.js",
				"sap/ui/core/ComponentContainer.js",
				"sap/ui/core/CustomData.js",
				"sap/ui/core/ExtensionPoint.js",
				"sap/ui/core/Fragment.js",
				"sap/ui/core/Icon.js",
				"sap/ui/core/Item.js",
				"sap/ui/core/UIComponent.js",
				"sap/ui/core/format/DateFormat.js",
				"sap/ui/core/format/NumberFormat.js",
				"sap/ui/core/mvc/Controller.js",
				"sap/ui/core/mvc/XMLView.js",
				"sap/ui/core/routing/HashChanger.js",
				"sap/ui/core/routing/History.js",
				"sap/ui/layout/VerticalLayout.js",
				"sap/ui/model/Filter.js",
				"sap/ui/model/FilterOperator.js",
				"sap/ui/model/Sorter.js",
				"sap/ui/model/json/JSONModel.js",
				"sap/ui/model/odata/type/Time.js",
				"sap/ui/model/resource/ResourceModel.js",
				"sap/uxap/BlockBase.js",
				"sap/uxap/ObjectPageHeader.js",
				"sap/uxap/ObjectPageLayout.js",
				"sap/uxap/ObjectPageSection.js",
				"sap/uxap/ObjectPageSubSection.js"
			],
			"included": [
				"i2d/mpe/operations/manages1/Component.js",
				"i2d/mpe/operations/manages1/blocks/ActivitiesBlock.js",
				"i2d/mpe/operations/manages1/blocks/ActivitiesBlock.view.xml",
				"i2d/mpe/operations/manages1/blocks/ActivitiesBlockController.controller.js",
				"i2d/mpe/operations/manages1/blocks/ConfirmationBlock.js",
				"i2d/mpe/operations/manages1/blocks/ConfirmationBlock.view.xml",
				"i2d/mpe/operations/manages1/blocks/ConfirmationBlockController.controller.js",
				"i2d/mpe/operations/manages1/blocks/InspectionBlock.js",
				"i2d/mpe/operations/manages1/blocks/InspectionBlock.view.xml",
				"i2d/mpe/operations/manages1/blocks/InspectionBlockController.controller.js",
				"i2d/mpe/operations/manages1/blocks/IssuesBlock.js",
				"i2d/mpe/operations/manages1/blocks/IssuesBlock.view.xml",
				"i2d/mpe/operations/manages1/blocks/IssuesBlockController.controller.js",
				"i2d/mpe/operations/manages1/blocks/OperationDetailsHeader.fragment.xml",
				"i2d/mpe/operations/manages1/blocks/OperationInProgressBlock.js",
				"i2d/mpe/operations/manages1/blocks/OperationInProgressBlock.view.xml",
				"i2d/mpe/operations/manages1/blocks/OperationInProgressController.controller.js",
				"i2d/mpe/operations/manages1/blocks/OperationNotStartedBlock.js",
				"i2d/mpe/operations/manages1/blocks/OperationNotStartedBlock.view.xml",
				"i2d/mpe/operations/manages1/blocks/OperationNotStartedController.controller.js",
				"i2d/mpe/operations/manages1/controller/ActivityObject.controller.js",
				"i2d/mpe/operations/manages1/controller/App.controller.js",
				"i2d/mpe/operations/manages1/controller/BaseController.js",
				"i2d/mpe/operations/manages1/controller/ErrorHandler.js",
				"i2d/mpe/operations/manages1/controller/NotFound.controller.js",
				"i2d/mpe/operations/manages1/controller/Object.controller.js",
				"i2d/mpe/operations/manages1/controller/Worklist.controller.js",
				"i2d/mpe/operations/manages1/i18n/i18n.properties",
				"i2d/mpe/operations/manages1/i18n/i18n_ar.properties",
				"i2d/mpe/operations/manages1/i18n/i18n_bg.properties",
				"i2d/mpe/operations/manages1/i18n/i18n_ca.properties",
				"i2d/mpe/operations/manages1/i18n/i18n_cs.properties",
				"i2d/mpe/operations/manages1/i18n/i18n_da.properties",
				"i2d/mpe/operations/manages1/i18n/i18n_de.properties",
				"i2d/mpe/operations/manages1/i18n/i18n_el.properties",
				"i2d/mpe/operations/manages1/i18n/i18n_en.properties",
				"i2d/mpe/operations/manages1/i18n/i18n_en_US_sappsd.properties",
				"i2d/mpe/operations/manages1/i18n/i18n_en_US_saptrc.properties",
				"i2d/mpe/operations/manages1/i18n/i18n_es.properties",
				"i2d/mpe/operations/manages1/i18n/i18n_et.properties",
				"i2d/mpe/operations/manages1/i18n/i18n_fi.properties",
				"i2d/mpe/operations/manages1/i18n/i18n_fr.properties",
				"i2d/mpe/operations/manages1/i18n/i18n_hi.properties",
				"i2d/mpe/operations/manages1/i18n/i18n_hr.properties",
				"i2d/mpe/operations/manages1/i18n/i18n_hu.properties",
				"i2d/mpe/operations/manages1/i18n/i18n_it.properties",
				"i2d/mpe/operations/manages1/i18n/i18n_iw.properties",
				"i2d/mpe/operations/manages1/i18n/i18n_ja.properties",
				"i2d/mpe/operations/manages1/i18n/i18n_kk.properties",
				"i2d/mpe/operations/manages1/i18n/i18n_ko.properties",
				"i2d/mpe/operations/manages1/i18n/i18n_lt.properties",
				"i2d/mpe/operations/manages1/i18n/i18n_lv.properties",
				"i2d/mpe/operations/manages1/i18n/i18n_ms.properties",
				"i2d/mpe/operations/manages1/i18n/i18n_nl.properties",
				"i2d/mpe/operations/manages1/i18n/i18n_no.properties",
				"i2d/mpe/operations/manages1/i18n/i18n_pl.properties",
				"i2d/mpe/operations/manages1/i18n/i18n_pt.properties",
				"i2d/mpe/operations/manages1/i18n/i18n_ro.properties",
				"i2d/mpe/operations/manages1/i18n/i18n_ru.properties",
				"i2d/mpe/operations/manages1/i18n/i18n_sh.properties",
				"i2d/mpe/operations/manages1/i18n/i18n_sk.properties",
				"i2d/mpe/operations/manages1/i18n/i18n_sl.properties",
				"i2d/mpe/operations/manages1/i18n/i18n_sv.properties",
				"i2d/mpe/operations/manages1/i18n/i18n_th.properties",
				"i2d/mpe/operations/manages1/i18n/i18n_tr.properties",
				"i2d/mpe/operations/manages1/i18n/i18n_uk.properties",
				"i2d/mpe/operations/manages1/i18n/i18n_vi.properties",
				"i2d/mpe/operations/manages1/i18n/i18n_zh_CN.properties",
				"i2d/mpe/operations/manages1/i18n/i18n_zh_TW.properties",
				"i2d/mpe/operations/manages1/manifest.json",
				"i2d/mpe/operations/manages1/model/formatter.js",
				"i2d/mpe/operations/manages1/model/models.js",
				"i2d/mpe/operations/manages1/utility/InlineWorkInstructions.js",
				"i2d/mpe/operations/manages1/view/ActivityObject.view.xml",
				"i2d/mpe/operations/manages1/view/App.view.xml",
				"i2d/mpe/operations/manages1/view/NotFound.view.xml",
				"i2d/mpe/operations/manages1/view/Object.view.xml",
				"i2d/mpe/operations/manages1/view/ObjectNotFound.view.xml",
				"i2d/mpe/operations/manages1/view/Worklist.view.xml"
			]
		},
		{
			"name": "Component.js",
			"module": "i2d/mpe/operations/manages1/Component.js",
			"required": [
				"i2d/mpe/operations/manages1/controller/ErrorHandler.js",
				"i2d/mpe/operations/manages1/model/models.js",
				"sap/ui/Device.js",
				"sap/ui/core/UIComponent.js",
				"sap/ui/core/routing/HashChanger.js"
			]
		},
		{
			"name": "annotation/annotation.xml"
		},
		{
			"name": "blocks/ActivitiesBlock-dbg.js",
			"module": "i2d/mpe/operations/manages1/blocks/ActivitiesBlock.js",
			"isDebug": true,
			"required": [
				"sap/uxap/BlockBase.js"
			]
		},
		{
			"name": "blocks/ActivitiesBlock.js",
			"module": "i2d/mpe/operations/manages1/blocks/ActivitiesBlock.js",
			"required": [
				"sap/uxap/BlockBase.js"
			]
		},
		{
			"name": "blocks/ActivitiesBlock.view.xml",
			"module": "i2d/mpe/operations/manages1/blocks/ActivitiesBlock.view.xml",
			"required": [
				"i2d/mpe/operations/manages1/blocks/ActivitiesBlockController.controller.js",
				"sap/m/Button.js",
				"sap/m/Column.js",
				"sap/m/ColumnListItem.js",
				"sap/m/HBox.js",
				"sap/m/ObjectIdentifier.js",
				"sap/m/OverflowToolbar.js",
				"sap/m/ProgressIndicator.js",
				"sap/m/Table.js",
				"sap/m/Text.js",
				"sap/m/ToolbarSpacer.js",
				"sap/ui/comp/smarttable/SmartTable.js",
				"sap/ui/core/CustomData.js",
				"sap/ui/core/Icon.js",
				"sap/ui/core/mvc/XMLView.js"
			]
		},
		{
			"name": "blocks/ActivitiesBlockController-dbg.controller.js",
			"module": "i2d/mpe/operations/manages1/blocks/ActivitiesBlockController.controller.js",
			"isDebug": true,
			"required": [
				"i2d/mpe/operations/manages1/controller/BaseController.js",
				"i2d/mpe/operations/manages1/model/formatter.js",
				"sap/i2d/mpe/lib/commons1/fragments/ApplyHoldDialog.js",
				"sap/i2d/mpe/lib/commons1/utils/constants.js",
				"sap/i2d/mpe/lib/commons1/utils/util.js",
				"sap/i2d/mpe/lib/qmcomps1/util/Defects.js",
				"sap/i2d/mpe/lib/workuicomps1/fragments/ChangeAlertComparisonDialog.js",
				"sap/ui/model/Filter.js",
				"sap/ui/model/FilterOperator.js",
				"sap/ui/model/json/JSONModel.js",
				"sap/ui/model/odata/type/Time.js"
			]
		},
		{
			"name": "blocks/ActivitiesBlockController.controller.js",
			"module": "i2d/mpe/operations/manages1/blocks/ActivitiesBlockController.controller.js",
			"required": [
				"i2d/mpe/operations/manages1/controller/BaseController.js",
				"i2d/mpe/operations/manages1/model/formatter.js",
				"sap/i2d/mpe/lib/commons1/fragments/ApplyHoldDialog.js",
				"sap/i2d/mpe/lib/commons1/utils/constants.js",
				"sap/i2d/mpe/lib/commons1/utils/util.js",
				"sap/i2d/mpe/lib/qmcomps1/util/Defects.js",
				"sap/i2d/mpe/lib/workuicomps1/fragments/ChangeAlertComparisonDialog.js",
				"sap/ui/model/Filter.js",
				"sap/ui/model/FilterOperator.js",
				"sap/ui/model/json/JSONModel.js",
				"sap/ui/model/odata/type/Time.js"
			]
		},
		{
			"name": "blocks/ConfirmationBlock-dbg.js",
			"module": "i2d/mpe/operations/manages1/blocks/ConfirmationBlock.js",
			"isDebug": true,
			"required": [
				"sap/uxap/BlockBase.js"
			]
		},
		{
			"name": "blocks/ConfirmationBlock.js",
			"module": "i2d/mpe/operations/manages1/blocks/ConfirmationBlock.js",
			"required": [
				"sap/uxap/BlockBase.js"
			]
		},
		{
			"name": "blocks/ConfirmationBlock.view.xml",
			"module": "i2d/mpe/operations/manages1/blocks/ConfirmationBlock.view.xml",
			"required": [
				"i2d/mpe/operations/manages1/blocks/ConfirmationBlockController.controller.js",
				"sap/m/Column.js",
				"sap/m/ColumnListItem.js",
				"sap/m/HBox.js",
				"sap/m/Label.js",
				"sap/m/ObjectIdentifier.js",
				"sap/m/Table.js",
				"sap/m/Text.js",
				"sap/m/VBox.js",
				"sap/ui/comp/smarttable/SmartTable.js",
				"sap/ui/core/CustomData.js",
				"sap/ui/core/mvc/XMLView.js"
			]
		},
		{
			"name": "blocks/ConfirmationBlockController-dbg.controller.js",
			"module": "i2d/mpe/operations/manages1/blocks/ConfirmationBlockController.controller.js",
			"isDebug": true,
			"required": [
				"i2d/mpe/operations/manages1/model/formatter.js",
				"sap/ui/core/mvc/Controller.js",
				"sap/ui/model/resource/ResourceModel.js"
			]
		},
		{
			"name": "blocks/ConfirmationBlockController.controller.js",
			"module": "i2d/mpe/operations/manages1/blocks/ConfirmationBlockController.controller.js",
			"required": [
				"i2d/mpe/operations/manages1/model/formatter.js",
				"sap/ui/core/mvc/Controller.js",
				"sap/ui/model/resource/ResourceModel.js"
			]
		},
		{
			"name": "blocks/InspectionBlock-dbg.js",
			"module": "i2d/mpe/operations/manages1/blocks/InspectionBlock.js",
			"isDebug": true,
			"required": [
				"sap/uxap/BlockBase.js"
			]
		},
		{
			"name": "blocks/InspectionBlock.js",
			"module": "i2d/mpe/operations/manages1/blocks/InspectionBlock.js",
			"required": [
				"sap/uxap/BlockBase.js"
			]
		},
		{
			"name": "blocks/InspectionBlock.view.xml",
			"module": "i2d/mpe/operations/manages1/blocks/InspectionBlock.view.xml",
			"required": [
				"i2d/mpe/operations/manages1/blocks/InspectionBlockController.controller.js",
				"sap/m/Column.js",
				"sap/m/ColumnListItem.js",
				"sap/m/HBox.js",
				"sap/m/ObjectIdentifier.js",
				"sap/m/ProgressIndicator.js",
				"sap/m/Table.js",
				"sap/m/Text.js",
				"sap/m/VBox.js",
				"sap/ui/comp/smarttable/SmartTable.js",
				"sap/ui/core/CustomData.js",
				"sap/ui/core/mvc/XMLView.js"
			]
		},
		{
			"name": "blocks/InspectionBlockController-dbg.controller.js",
			"module": "i2d/mpe/operations/manages1/blocks/InspectionBlockController.controller.js",
			"isDebug": true,
			"required": [
				"i2d/mpe/operations/manages1/model/formatter.js",
				"sap/ui/core/mvc/Controller.js",
				"sap/ui/model/Sorter.js",
				"sap/ui/model/odata/type/Time.js",
				"sap/ui/model/resource/ResourceModel.js"
			]
		},
		{
			"name": "blocks/InspectionBlockController.controller.js",
			"module": "i2d/mpe/operations/manages1/blocks/InspectionBlockController.controller.js",
			"required": [
				"i2d/mpe/operations/manages1/model/formatter.js",
				"sap/ui/core/mvc/Controller.js",
				"sap/ui/model/Sorter.js",
				"sap/ui/model/odata/type/Time.js",
				"sap/ui/model/resource/ResourceModel.js"
			]
		},
		{
			"name": "blocks/IssuesBlock-dbg.js",
			"module": "i2d/mpe/operations/manages1/blocks/IssuesBlock.js",
			"isDebug": true,
			"required": [
				"sap/uxap/BlockBase.js"
			]
		},
		{
			"name": "blocks/IssuesBlock.js",
			"module": "i2d/mpe/operations/manages1/blocks/IssuesBlock.js",
			"required": [
				"sap/uxap/BlockBase.js"
			]
		},
		{
			"name": "blocks/IssuesBlock.view.xml",
			"module": "i2d/mpe/operations/manages1/blocks/IssuesBlock.view.xml",
			"required": [
				"i2d/mpe/operations/manages1/blocks/IssuesBlockController.controller.js",
				"sap/i2d/mpe/lib/commons1/fragments/HoldMessageStrip.fragment.xml",
				"sap/m/MessageStrip.js",
				"sap/m/Text.js",
				"sap/m/VBox.js",
				"sap/ui/core/Fragment.js",
				"sap/ui/core/mvc/XMLView.js"
			]
		},
		{
			"name": "blocks/IssuesBlockController-dbg.controller.js",
			"module": "i2d/mpe/operations/manages1/blocks/IssuesBlockController.controller.js",
			"isDebug": true,
			"required": [
				"i2d/mpe/operations/manages1/model/formatter.js",
				"sap/i2d/mpe/lib/commons1/fragments/HoldMessageStrip.js",
				"sap/i2d/mpe/lib/commons1/fragments/ReleaseHoldDialog.js",
				"sap/i2d/mpe/lib/commons1/utils/formatter.js",
				"sap/ui/core/mvc/Controller.js",
				"sap/ui/model/Filter.js",
				"sap/ui/model/json/JSONModel.js",
				"sap/ui/model/resource/ResourceModel.js"
			]
		},
		{
			"name": "blocks/IssuesBlockController.controller.js",
			"module": "i2d/mpe/operations/manages1/blocks/IssuesBlockController.controller.js",
			"required": [
				"i2d/mpe/operations/manages1/model/formatter.js",
				"sap/i2d/mpe/lib/commons1/fragments/HoldMessageStrip.js",
				"sap/i2d/mpe/lib/commons1/fragments/ReleaseHoldDialog.js",
				"sap/i2d/mpe/lib/commons1/utils/formatter.js",
				"sap/ui/core/mvc/Controller.js",
				"sap/ui/model/Filter.js",
				"sap/ui/model/json/JSONModel.js",
				"sap/ui/model/resource/ResourceModel.js"
			]
		},
		{
			"name": "blocks/OperationDetailsHeader.fragment.xml",
			"module": "i2d/mpe/operations/manages1/blocks/OperationDetailsHeader.fragment.xml",
			"required": [
				"sap/m/HBox.js",
				"sap/m/Label.js",
				"sap/m/Link.js",
				"sap/m/ObjectNumber.js",
				"sap/m/Text.js",
				"sap/m/VBox.js",
				"sap/ui/core/Fragment.js"
			]
		},
		{
			"name": "blocks/OperationInProgressBlock-dbg.js",
			"module": "i2d/mpe/operations/manages1/blocks/OperationInProgressBlock.js",
			"isDebug": true,
			"required": [
				"sap/uxap/BlockBase.js"
			]
		},
		{
			"name": "blocks/OperationInProgressBlock.js",
			"module": "i2d/mpe/operations/manages1/blocks/OperationInProgressBlock.js",
			"required": [
				"sap/uxap/BlockBase.js"
			]
		},
		{
			"name": "blocks/OperationInProgressBlock.view.xml",
			"module": "i2d/mpe/operations/manages1/blocks/OperationInProgressBlock.view.xml",
			"required": [
				"i2d/mpe/operations/manages1/blocks/OperationInProgressController.controller.js",
				"sap/m/Column.js",
				"sap/m/ColumnListItem.js",
				"sap/m/HBox.js",
				"sap/m/Link.js",
				"sap/m/OverflowToolbar.js",
				"sap/m/SearchField.js",
				"sap/m/SegmentedButton.js",
				"sap/m/SegmentedButtonItem.js",
				"sap/m/Table.js",
				"sap/m/Text.js",
				"sap/m/ToolbarSpacer.js",
				"sap/m/VBox.js",
				"sap/suite/ui/microchart/StackedBarMicroChart.js",
				"sap/suite/ui/microchart/StackedBarMicroChartBar.js",
				"sap/ui/comp/smarttable/SmartTable.js",
				"sap/ui/core/CustomData.js",
				"sap/ui/core/Icon.js",
				"sap/ui/core/mvc/XMLView.js"
			]
		},
		{
			"name": "blocks/OperationInProgressController-dbg.controller.js",
			"module": "i2d/mpe/operations/manages1/blocks/OperationInProgressController.controller.js",
			"isDebug": true,
			"required": [
				"sap/i2d/mpe/lib/commons1/fragments/OrderOperationStatus.js",
				"sap/i2d/mpe/lib/commons1/utils/NavHelper.js",
				"sap/i2d/mpe/lib/commons1/utils/formatter.js",
				"sap/i2d/mpe/lib/commons1/utils/util.js",
				"sap/i2d/mpe/lib/popovers1/fragments/MaterialController.js",
				"sap/i2d/mpe/lib/popovers1/fragments/ProductionOrderController.js",
				"sap/i2d/mpe/lib/popovers1/fragments/ProductionOrderOperationsController.js",
				"sap/ui/core/format/NumberFormat.js",
				"sap/ui/core/mvc/Controller.js",
				"sap/ui/model/Filter.js",
				"sap/ui/model/FilterOperator.js",
				"sap/ui/model/json/JSONModel.js",
				"sap/ui/model/resource/ResourceModel.js"
			]
		},
		{
			"name": "blocks/OperationInProgressController.controller.js",
			"module": "i2d/mpe/operations/manages1/blocks/OperationInProgressController.controller.js",
			"required": [
				"sap/i2d/mpe/lib/commons1/fragments/OrderOperationStatus.js",
				"sap/i2d/mpe/lib/commons1/utils/NavHelper.js",
				"sap/i2d/mpe/lib/commons1/utils/formatter.js",
				"sap/i2d/mpe/lib/commons1/utils/util.js",
				"sap/i2d/mpe/lib/popovers1/fragments/MaterialController.js",
				"sap/i2d/mpe/lib/popovers1/fragments/ProductionOrderController.js",
				"sap/i2d/mpe/lib/popovers1/fragments/ProductionOrderOperationsController.js",
				"sap/ui/core/format/NumberFormat.js",
				"sap/ui/core/mvc/Controller.js",
				"sap/ui/model/Filter.js",
				"sap/ui/model/FilterOperator.js",
				"sap/ui/model/json/JSONModel.js",
				"sap/ui/model/resource/ResourceModel.js"
			]
		},
		{
			"name": "blocks/OperationNotStartedBlock-dbg.js",
			"module": "i2d/mpe/operations/manages1/blocks/OperationNotStartedBlock.js",
			"isDebug": true,
			"required": [
				"sap/uxap/BlockBase.js"
			]
		},
		{
			"name": "blocks/OperationNotStartedBlock.js",
			"module": "i2d/mpe/operations/manages1/blocks/OperationNotStartedBlock.js",
			"required": [
				"sap/uxap/BlockBase.js"
			]
		},
		{
			"name": "blocks/OperationNotStartedBlock.view.xml",
			"module": "i2d/mpe/operations/manages1/blocks/OperationNotStartedBlock.view.xml",
			"required": [
				"i2d/mpe/operations/manages1/blocks/OperationNotStartedController.controller.js",
				"sap/m/Column.js",
				"sap/m/ColumnListItem.js",
				"sap/m/HBox.js",
				"sap/m/Link.js",
				"sap/m/OverflowToolbar.js",
				"sap/m/SearchField.js",
				"sap/m/SegmentedButton.js",
				"sap/m/SegmentedButtonItem.js",
				"sap/m/Table.js",
				"sap/m/Text.js",
				"sap/m/ToolbarSpacer.js",
				"sap/m/VBox.js",
				"sap/suite/ui/microchart/StackedBarMicroChart.js",
				"sap/suite/ui/microchart/StackedBarMicroChartBar.js",
				"sap/ui/comp/smarttable/SmartTable.js",
				"sap/ui/core/CustomData.js",
				"sap/ui/core/Icon.js",
				"sap/ui/core/mvc/XMLView.js"
			]
		},
		{
			"name": "blocks/OperationNotStartedController-dbg.controller.js",
			"module": "i2d/mpe/operations/manages1/blocks/OperationNotStartedController.controller.js",
			"isDebug": true,
			"required": [
				"sap/i2d/mpe/lib/commons1/fragments/OrderOperationStatus.js",
				"sap/i2d/mpe/lib/commons1/utils/NavHelper.js",
				"sap/i2d/mpe/lib/commons1/utils/formatter.js",
				"sap/i2d/mpe/lib/commons1/utils/util.js",
				"sap/i2d/mpe/lib/popovers1/fragments/MaterialController.js",
				"sap/i2d/mpe/lib/popovers1/fragments/ProductionOrderController.js",
				"sap/i2d/mpe/lib/popovers1/fragments/ProductionOrderOperationsController.js",
				"sap/m/MessageBox.js",
				"sap/ui/core/format/NumberFormat.js",
				"sap/ui/core/mvc/Controller.js",
				"sap/ui/model/Filter.js",
				"sap/ui/model/FilterOperator.js",
				"sap/ui/model/json/JSONModel.js",
				"sap/ui/model/resource/ResourceModel.js"
			]
		},
		{
			"name": "blocks/OperationNotStartedController.controller.js",
			"module": "i2d/mpe/operations/manages1/blocks/OperationNotStartedController.controller.js",
			"required": [
				"sap/i2d/mpe/lib/commons1/fragments/OrderOperationStatus.js",
				"sap/i2d/mpe/lib/commons1/utils/NavHelper.js",
				"sap/i2d/mpe/lib/commons1/utils/formatter.js",
				"sap/i2d/mpe/lib/commons1/utils/util.js",
				"sap/i2d/mpe/lib/popovers1/fragments/MaterialController.js",
				"sap/i2d/mpe/lib/popovers1/fragments/ProductionOrderController.js",
				"sap/i2d/mpe/lib/popovers1/fragments/ProductionOrderOperationsController.js",
				"sap/m/MessageBox.js",
				"sap/ui/core/format/NumberFormat.js",
				"sap/ui/core/mvc/Controller.js",
				"sap/ui/model/Filter.js",
				"sap/ui/model/FilterOperator.js",
				"sap/ui/model/json/JSONModel.js",
				"sap/ui/model/resource/ResourceModel.js"
			]
		},
		{
			"name": "controller/ActivityObject-dbg.controller.js",
			"module": "i2d/mpe/operations/manages1/controller/ActivityObject.controller.js",
			"isDebug": true,
			"required": [
				"i2d/mpe/operations/manages1/controller/BaseController.js",
				"i2d/mpe/operations/manages1/model/formatter.js",
				"i2d/mpe/operations/manages1/utility/InlineWorkInstructions.js",
				"sap/ui/model/json/JSONModel.js"
			]
		},
		{
			"name": "controller/ActivityObject.controller.js",
			"module": "i2d/mpe/operations/manages1/controller/ActivityObject.controller.js",
			"required": [
				"i2d/mpe/operations/manages1/controller/BaseController.js",
				"i2d/mpe/operations/manages1/model/formatter.js",
				"i2d/mpe/operations/manages1/utility/InlineWorkInstructions.js",
				"sap/ui/model/json/JSONModel.js"
			]
		},
		{
			"name": "controller/App-dbg.controller.js",
			"module": "i2d/mpe/operations/manages1/controller/App.controller.js",
			"isDebug": true,
			"required": [
				"i2d/mpe/operations/manages1/controller/BaseController.js",
				"sap/ui/model/json/JSONModel.js"
			]
		},
		{
			"name": "controller/App.controller.js",
			"module": "i2d/mpe/operations/manages1/controller/App.controller.js",
			"required": [
				"i2d/mpe/operations/manages1/controller/BaseController.js",
				"sap/ui/model/json/JSONModel.js"
			]
		},
		{
			"name": "controller/BaseController-dbg.js",
			"module": "i2d/mpe/operations/manages1/controller/BaseController.js",
			"isDebug": true,
			"required": [
				"sap/ui/core/mvc/Controller.js"
			]
		},
		{
			"name": "controller/BaseController.js",
			"module": "i2d/mpe/operations/manages1/controller/BaseController.js",
			"required": [
				"sap/ui/core/mvc/Controller.js"
			]
		},
		{
			"name": "controller/ErrorHandler-dbg.js",
			"module": "i2d/mpe/operations/manages1/controller/ErrorHandler.js",
			"isDebug": true,
			"required": [
				"sap/m/MessageBox.js",
				"sap/ui/base/Object.js"
			]
		},
		{
			"name": "controller/ErrorHandler.js",
			"module": "i2d/mpe/operations/manages1/controller/ErrorHandler.js",
			"required": [
				"sap/m/MessageBox.js",
				"sap/ui/base/Object.js"
			]
		},
		{
			"name": "controller/NotFound-dbg.controller.js",
			"module": "i2d/mpe/operations/manages1/controller/NotFound.controller.js",
			"isDebug": true,
			"required": [
				"i2d/mpe/operations/manages1/controller/BaseController.js"
			]
		},
		{
			"name": "controller/NotFound.controller.js",
			"module": "i2d/mpe/operations/manages1/controller/NotFound.controller.js",
			"required": [
				"i2d/mpe/operations/manages1/controller/BaseController.js"
			]
		},
		{
			"name": "controller/Object-dbg.controller.js",
			"module": "i2d/mpe/operations/manages1/controller/Object.controller.js",
			"isDebug": true,
			"required": [
				"i2d/mpe/operations/manages1/controller/BaseController.js",
				"i2d/mpe/operations/manages1/model/formatter.js",
				"sap/i2d/mpe/lib/commons1/fragments/ApplyHoldDialog.js",
				"sap/i2d/mpe/lib/commons1/fragments/OrderOperationStatus.js",
				"sap/i2d/mpe/lib/commons1/fragments/ReleaseHoldDialog.js",
				"sap/i2d/mpe/lib/commons1/utils/constants.js",
				"sap/i2d/mpe/lib/commons1/utils/formatter.js",
				"sap/i2d/mpe/lib/commons1/utils/util.js",
				"sap/i2d/mpe/lib/popovers1/fragments/MaterialController.js",
				"sap/i2d/mpe/lib/popovers1/fragments/ProductionOrderController.js",
				"sap/i2d/mpe/lib/popovers1/fragments/WorkCenterController.js",
				"sap/i2d/mpe/lib/qmcomps1/util/Defects.js",
				"sap/i2d/mpe/lib/qmcomps1/util/Formatter.js",
				"sap/m/MessageBox.js",
				"sap/m/MessageToast.js",
				"sap/ui/core/routing/History.js",
				"sap/ui/model/json/JSONModel.js"
			]
		},
		{
			"name": "controller/Object.controller.js",
			"module": "i2d/mpe/operations/manages1/controller/Object.controller.js",
			"required": [
				"i2d/mpe/operations/manages1/controller/BaseController.js",
				"i2d/mpe/operations/manages1/model/formatter.js",
				"sap/i2d/mpe/lib/commons1/fragments/ApplyHoldDialog.js",
				"sap/i2d/mpe/lib/commons1/fragments/OrderOperationStatus.js",
				"sap/i2d/mpe/lib/commons1/fragments/ReleaseHoldDialog.js",
				"sap/i2d/mpe/lib/commons1/utils/constants.js",
				"sap/i2d/mpe/lib/commons1/utils/formatter.js",
				"sap/i2d/mpe/lib/commons1/utils/util.js",
				"sap/i2d/mpe/lib/popovers1/fragments/MaterialController.js",
				"sap/i2d/mpe/lib/popovers1/fragments/ProductionOrderController.js",
				"sap/i2d/mpe/lib/popovers1/fragments/WorkCenterController.js",
				"sap/i2d/mpe/lib/qmcomps1/util/Defects.js",
				"sap/i2d/mpe/lib/qmcomps1/util/Formatter.js",
				"sap/m/MessageBox.js",
				"sap/m/MessageToast.js",
				"sap/ui/core/routing/History.js",
				"sap/ui/model/json/JSONModel.js"
			]
		},
		{
			"name": "controller/Worklist-dbg.controller.js",
			"module": "i2d/mpe/operations/manages1/controller/Worklist.controller.js",
			"isDebug": true,
			"required": [
				"i2d/mpe/operations/manages1/controller/BaseController.js",
				"i2d/mpe/operations/manages1/model/formatter.js",
				"sap/i2d/mpe/lib/aors1/AOR/AORFragmentHandler.js",
				"sap/i2d/mpe/lib/commons1/fragments/ApplyHoldDialog.js",
				"sap/i2d/mpe/lib/commons1/fragments/OrdSpcfcChange.js",
				"sap/i2d/mpe/lib/commons1/fragments/OrderOperationStatus.js",
				"sap/i2d/mpe/lib/commons1/utils/NavHelper.js",
				"sap/i2d/mpe/lib/commons1/utils/constants.js",
				"sap/i2d/mpe/lib/commons1/utils/saveAsTile.js",
				"sap/i2d/mpe/lib/commons1/utils/util.js",
				"sap/i2d/mpe/lib/popovers1/fragments/IssuePopOverController.js",
				"sap/i2d/mpe/lib/popovers1/fragments/MaterialController.js",
				"sap/i2d/mpe/lib/popovers1/fragments/ProductionOrderController.js",
				"sap/i2d/mpe/lib/popovers1/fragments/ProductionOrderOperationsController.js",
				"sap/i2d/mpe/lib/popovers1/fragments/WorkCenterController.js",
				"sap/m/MessageBox.js",
				"sap/m/MessageToast.js",
				"sap/ui/model/Filter.js",
				"sap/ui/model/json/JSONModel.js"
			]
		},
		{
			"name": "controller/Worklist.controller.js",
			"module": "i2d/mpe/operations/manages1/controller/Worklist.controller.js",
			"required": [
				"i2d/mpe/operations/manages1/controller/BaseController.js",
				"i2d/mpe/operations/manages1/model/formatter.js",
				"sap/i2d/mpe/lib/aors1/AOR/AORFragmentHandler.js",
				"sap/i2d/mpe/lib/commons1/fragments/ApplyHoldDialog.js",
				"sap/i2d/mpe/lib/commons1/fragments/OrdSpcfcChange.js",
				"sap/i2d/mpe/lib/commons1/fragments/OrderOperationStatus.js",
				"sap/i2d/mpe/lib/commons1/utils/NavHelper.js",
				"sap/i2d/mpe/lib/commons1/utils/constants.js",
				"sap/i2d/mpe/lib/commons1/utils/saveAsTile.js",
				"sap/i2d/mpe/lib/commons1/utils/util.js",
				"sap/i2d/mpe/lib/popovers1/fragments/IssuePopOverController.js",
				"sap/i2d/mpe/lib/popovers1/fragments/MaterialController.js",
				"sap/i2d/mpe/lib/popovers1/fragments/ProductionOrderController.js",
				"sap/i2d/mpe/lib/popovers1/fragments/ProductionOrderOperationsController.js",
				"sap/i2d/mpe/lib/popovers1/fragments/WorkCenterController.js",
				"sap/m/MessageBox.js",
				"sap/m/MessageToast.js",
				"sap/ui/model/Filter.js",
				"sap/ui/model/json/JSONModel.js"
			]
		},
		{
			"name": "i18n/i18n.properties",
			"module": "i2d/mpe/operations/manages1/i18n/i18n.properties",
			"locale": "",
			"raw": "i18n/i18n.properties"
		},
		{
			"name": "i18n/i18n_ar.properties",
			"module": "i2d/mpe/operations/manages1/i18n/i18n_ar.properties",
			"locale": "ar",
			"raw": "i18n/i18n.properties"
		},
		{
			"name": "i18n/i18n_bg.properties",
			"module": "i2d/mpe/operations/manages1/i18n/i18n_bg.properties",
			"locale": "bg",
			"raw": "i18n/i18n.properties"
		},
		{
			"name": "i18n/i18n_ca.properties",
			"module": "i2d/mpe/operations/manages1/i18n/i18n_ca.properties",
			"locale": "ca",
			"raw": "i18n/i18n.properties"
		},
		{
			"name": "i18n/i18n_cs.properties",
			"module": "i2d/mpe/operations/manages1/i18n/i18n_cs.properties",
			"locale": "cs",
			"raw": "i18n/i18n.properties"
		},
		{
			"name": "i18n/i18n_da.properties",
			"module": "i2d/mpe/operations/manages1/i18n/i18n_da.properties",
			"locale": "da",
			"raw": "i18n/i18n.properties"
		},
		{
			"name": "i18n/i18n_de.properties",
			"module": "i2d/mpe/operations/manages1/i18n/i18n_de.properties",
			"locale": "de",
			"raw": "i18n/i18n.properties"
		},
		{
			"name": "i18n/i18n_el.properties",
			"module": "i2d/mpe/operations/manages1/i18n/i18n_el.properties",
			"locale": "el",
			"raw": "i18n/i18n.properties"
		},
		{
			"name": "i18n/i18n_en.properties",
			"module": "i2d/mpe/operations/manages1/i18n/i18n_en.properties",
			"locale": "en",
			"raw": "i18n/i18n.properties"
		},
		{
			"name": "i18n/i18n_en_US_sappsd.properties",
			"module": "i2d/mpe/operations/manages1/i18n/i18n_en_US_sappsd.properties",
			"locale": "en_US_sappsd",
			"raw": "i18n/i18n.properties"
		},
		{
			"name": "i18n/i18n_en_US_saptrc.properties",
			"module": "i2d/mpe/operations/manages1/i18n/i18n_en_US_saptrc.properties",
			"locale": "en_US_saptrc",
			"raw": "i18n/i18n.properties"
		},
		{
			"name": "i18n/i18n_es.properties",
			"module": "i2d/mpe/operations/manages1/i18n/i18n_es.properties",
			"locale": "es",
			"raw": "i18n/i18n.properties"
		},
		{
			"name": "i18n/i18n_et.properties",
			"module": "i2d/mpe/operations/manages1/i18n/i18n_et.properties",
			"locale": "et",
			"raw": "i18n/i18n.properties"
		},
		{
			"name": "i18n/i18n_fi.properties",
			"module": "i2d/mpe/operations/manages1/i18n/i18n_fi.properties",
			"locale": "fi",
			"raw": "i18n/i18n.properties"
		},
		{
			"name": "i18n/i18n_fr.properties",
			"module": "i2d/mpe/operations/manages1/i18n/i18n_fr.properties",
			"locale": "fr",
			"raw": "i18n/i18n.properties"
		},
		{
			"name": "i18n/i18n_hi.properties",
			"module": "i2d/mpe/operations/manages1/i18n/i18n_hi.properties",
			"locale": "hi",
			"raw": "i18n/i18n.properties"
		},
		{
			"name": "i18n/i18n_hr.properties",
			"module": "i2d/mpe/operations/manages1/i18n/i18n_hr.properties",
			"locale": "hr",
			"raw": "i18n/i18n.properties"
		},
		{
			"name": "i18n/i18n_hu.properties",
			"module": "i2d/mpe/operations/manages1/i18n/i18n_hu.properties",
			"locale": "hu",
			"raw": "i18n/i18n.properties"
		},
		{
			"name": "i18n/i18n_it.properties",
			"module": "i2d/mpe/operations/manages1/i18n/i18n_it.properties",
			"locale": "it",
			"raw": "i18n/i18n.properties"
		},
		{
			"name": "i18n/i18n_iw.properties",
			"module": "i2d/mpe/operations/manages1/i18n/i18n_iw.properties",
			"locale": "iw",
			"raw": "i18n/i18n.properties"
		},
		{
			"name": "i18n/i18n_ja.properties",
			"module": "i2d/mpe/operations/manages1/i18n/i18n_ja.properties",
			"locale": "ja",
			"raw": "i18n/i18n.properties"
		},
		{
			"name": "i18n/i18n_kk.properties",
			"module": "i2d/mpe/operations/manages1/i18n/i18n_kk.properties",
			"locale": "kk",
			"raw": "i18n/i18n.properties"
		},
		{
			"name": "i18n/i18n_ko.properties",
			"module": "i2d/mpe/operations/manages1/i18n/i18n_ko.properties",
			"locale": "ko",
			"raw": "i18n/i18n.properties"
		},
		{
			"name": "i18n/i18n_lt.properties",
			"module": "i2d/mpe/operations/manages1/i18n/i18n_lt.properties",
			"locale": "lt",
			"raw": "i18n/i18n.properties"
		},
		{
			"name": "i18n/i18n_lv.properties",
			"module": "i2d/mpe/operations/manages1/i18n/i18n_lv.properties",
			"locale": "lv",
			"raw": "i18n/i18n.properties"
		},
		{
			"name": "i18n/i18n_ms.properties",
			"module": "i2d/mpe/operations/manages1/i18n/i18n_ms.properties",
			"locale": "ms",
			"raw": "i18n/i18n.properties"
		},
		{
			"name": "i18n/i18n_nl.properties",
			"module": "i2d/mpe/operations/manages1/i18n/i18n_nl.properties",
			"locale": "nl",
			"raw": "i18n/i18n.properties"
		},
		{
			"name": "i18n/i18n_no.properties",
			"module": "i2d/mpe/operations/manages1/i18n/i18n_no.properties",
			"locale": "no",
			"raw": "i18n/i18n.properties"
		},
		{
			"name": "i18n/i18n_pl.properties",
			"module": "i2d/mpe/operations/manages1/i18n/i18n_pl.properties",
			"locale": "pl",
			"raw": "i18n/i18n.properties"
		},
		{
			"name": "i18n/i18n_pt.properties",
			"module": "i2d/mpe/operations/manages1/i18n/i18n_pt.properties",
			"locale": "pt",
			"raw": "i18n/i18n.properties"
		},
		{
			"name": "i18n/i18n_ro.properties",
			"module": "i2d/mpe/operations/manages1/i18n/i18n_ro.properties",
			"locale": "ro",
			"raw": "i18n/i18n.properties"
		},
		{
			"name": "i18n/i18n_ru.properties",
			"module": "i2d/mpe/operations/manages1/i18n/i18n_ru.properties",
			"locale": "ru",
			"raw": "i18n/i18n.properties"
		},
		{
			"name": "i18n/i18n_sh.properties",
			"module": "i2d/mpe/operations/manages1/i18n/i18n_sh.properties",
			"locale": "sh",
			"raw": "i18n/i18n.properties"
		},
		{
			"name": "i18n/i18n_sk.properties",
			"module": "i2d/mpe/operations/manages1/i18n/i18n_sk.properties",
			"locale": "sk",
			"raw": "i18n/i18n.properties"
		},
		{
			"name": "i18n/i18n_sl.properties",
			"module": "i2d/mpe/operations/manages1/i18n/i18n_sl.properties",
			"locale": "sl",
			"raw": "i18n/i18n.properties"
		},
		{
			"name": "i18n/i18n_sv.properties",
			"module": "i2d/mpe/operations/manages1/i18n/i18n_sv.properties",
			"locale": "sv",
			"raw": "i18n/i18n.properties"
		},
		{
			"name": "i18n/i18n_th.properties",
			"module": "i2d/mpe/operations/manages1/i18n/i18n_th.properties",
			"locale": "th",
			"raw": "i18n/i18n.properties"
		},
		{
			"name": "i18n/i18n_tr.properties",
			"module": "i2d/mpe/operations/manages1/i18n/i18n_tr.properties",
			"locale": "tr",
			"raw": "i18n/i18n.properties"
		},
		{
			"name": "i18n/i18n_uk.properties",
			"module": "i2d/mpe/operations/manages1/i18n/i18n_uk.properties",
			"locale": "uk",
			"raw": "i18n/i18n.properties"
		},
		{
			"name": "i18n/i18n_vi.properties",
			"module": "i2d/mpe/operations/manages1/i18n/i18n_vi.properties",
			"locale": "vi",
			"raw": "i18n/i18n.properties"
		},
		{
			"name": "i18n/i18n_zh_CN.properties",
			"module": "i2d/mpe/operations/manages1/i18n/i18n_zh_CN.properties",
			"locale": "zh_CN",
			"raw": "i18n/i18n.properties"
		},
		{
			"name": "i18n/i18n_zh_TW.properties",
			"module": "i2d/mpe/operations/manages1/i18n/i18n_zh_TW.properties",
			"locale": "zh_TW",
			"raw": "i18n/i18n.properties"
		},
		{
			"name": "localService/MATERIAL_POVER_SRV/metadata.xml"
		},
		{
			"name": "localService/MPE_CHANGE_RECORD_EXEC_SRV/metadata.xml"
		},
		{
			"name": "localService/MPE_DOCUMENT_LIST_SRV/metadata.xml"
		},
		{
			"name": "localService/MPE_EXEC_RR_SRV/metadata.xml"
		},
		{
			"name": "localService/MPE_MATERIAL_POVER/metadata.xml"
		},
		{
			"name": "localService/MPE_OA_EXECUTION_SRV/metadata.xml"
		},
		{
			"name": "localService/MPE_ORDER_SPECIFIC_ROUTING_SRV/metadata.xml"
		},
		{
			"name": "localService/MPE_PRODNORD_POVER/metadata.xml"
		},
		{
			"name": "localService/MPE_PRODOPER_POVER/metadata.xml"
		},
		{
			"name": "localService/MPE_WORKCENTER_POVER/metadata.xml"
		},
		{
			"name": "localService/PP_MPE_AOR/metadata.xml"
		},
		{
			"name": "localService/PP_MPE_AOR/mockserver_AOR-dbg.js",
			"isDebug": true
		},
		{
			"name": "localService/PP_MPE_AOR/mockserver_AOR.js"
		},
		{
			"name": "localService/PP_MPE_OPER_MANAGE/C_MfgOrderOperationMissingComp.json"
		},
		{
			"name": "localService/PP_MPE_OPER_MANAGE/C_MfgProcgExecOperation.json"
		},
		{
			"name": "localService/PP_MPE_OPER_MANAGE/C_OperationActivityComponent.json"
		},
		{
			"name": "localService/PP_MPE_OPER_MANAGE/C_OperationActyPRTAssignment.json"
		},
		{
			"name": "localService/PP_MPE_OPER_MANAGE/C_Operationcomponents.json"
		},
		{
			"name": "localService/PP_MPE_OPER_MANAGE/C_Operationconfirmations.json"
		},
		{
			"name": "localService/PP_MPE_OPER_MANAGE/C_ProcgExecOperationActivity.json"
		},
		{
			"name": "localService/PP_MPE_OPER_MANAGE/metadata.xml"
		},
		{
			"name": "localService/PRODOPER_POVER/metadata.xml"
		},
		{
			"name": "localService/PRODORD_POVER/metadata.xml"
		},
		{
			"name": "localService/WORKCENTER_POVER_SRV/metadata.xml"
		},
		{
			"name": "localService/metadata.xml"
		},
		{
			"name": "localService/mockserver-dbg.js",
			"isDebug": true
		},
		{
			"name": "localService/mockserver.js"
		},
		{
			"name": "manifest.json",
			"module": "i2d/mpe/operations/manages1/manifest.json"
		},
		{
			"name": "model/formatter-dbg.js",
			"module": "i2d/mpe/operations/manages1/model/formatter.js",
			"isDebug": true,
			"required": [
				"sap/ui/core/format/DateFormat.js",
				"sap/ui/core/format/NumberFormat.js",
				"sap/ui/model/odata/type/Time.js"
			]
		},
		{
			"name": "model/formatter.js",
			"module": "i2d/mpe/operations/manages1/model/formatter.js",
			"required": [
				"sap/ui/core/format/DateFormat.js",
				"sap/ui/core/format/NumberFormat.js",
				"sap/ui/model/odata/type/Time.js"
			]
		},
		{
			"name": "model/models-dbg.js",
			"module": "i2d/mpe/operations/manages1/model/models.js",
			"isDebug": true,
			"required": [
				"sap/ui/Device.js",
				"sap/ui/model/json/JSONModel.js"
			]
		},
		{
			"name": "model/models.js",
			"module": "i2d/mpe/operations/manages1/model/models.js",
			"required": [
				"sap/ui/Device.js",
				"sap/ui/model/json/JSONModel.js"
			]
		},
		{
			"name": "resources.json"
		},
		{
			"name": "utility/InlineWorkInstructions-dbg.js",
			"module": "i2d/mpe/operations/manages1/utility/InlineWorkInstructions.js",
			"isDebug": true,
			"required": [
				"sap/m/MessageToast.js",
				"sap/ui/base/Object.js"
			]
		},
		{
			"name": "utility/InlineWorkInstructions.js",
			"module": "i2d/mpe/operations/manages1/utility/InlineWorkInstructions.js",
			"required": [
				"sap/m/MessageToast.js",
				"sap/ui/base/Object.js"
			]
		},
		{
			"name": "version.json"
		},
		{
			"name": "view/ActivityObject.view.xml",
			"module": "i2d/mpe/operations/manages1/view/ActivityObject.view.xml",
			"required": [
				"i2d/mpe/operations/manages1/controller/ActivityObject.controller.js",
				"sap/i2d/mpe/lib/commons1/blocks/PRTBlock.js",
				"sap/i2d/mpe/lib/qmcomps1/view/AggregatedResults.view.xml",
				"sap/m/Column.js",
				"sap/m/ColumnListItem.js",
				"sap/m/HBox.js",
				"sap/m/ObjectAttribute.js",
				"sap/m/ObjectIdentifier.js",
				"sap/m/ObjectNumber.js",
				"sap/m/ObjectStatus.js",
				"sap/m/Table.js",
				"sap/m/Text.js",
				"sap/m/UploadCollection.js",
				"sap/m/UploadCollectionItem.js",
				"sap/m/semantic/FullscreenPage.js",
				"sap/ui/core/ComponentContainer.js",
				"sap/ui/core/ExtensionPoint.js",
				"sap/ui/core/mvc/XMLView.js",
				"sap/ui/layout/VerticalLayout.js",
				"sap/uxap/ObjectPageHeader.js",
				"sap/uxap/ObjectPageLayout.js",
				"sap/uxap/ObjectPageSection.js",
				"sap/uxap/ObjectPageSubSection.js"
			]
		},
		{
			"name": "view/App.view.xml",
			"module": "i2d/mpe/operations/manages1/view/App.view.xml",
			"required": [
				"i2d/mpe/operations/manages1/controller/App.controller.js",
				"sap/m/App.js",
				"sap/ui/core/mvc/XMLView.js"
			]
		},
		{
			"name": "view/NotFound.view.xml",
			"module": "i2d/mpe/operations/manages1/view/NotFound.view.xml",
			"required": [
				"i2d/mpe/operations/manages1/controller/NotFound.controller.js",
				"sap/m/Link.js",
				"sap/m/MessagePage.js",
				"sap/ui/core/mvc/XMLView.js"
			]
		},
		{
			"name": "view/Object.view.xml",
			"module": "i2d/mpe/operations/manages1/view/Object.view.xml",
			"required": [
				"i2d/mpe/operations/manages1/blocks/ActivitiesBlock.js",
				"i2d/mpe/operations/manages1/blocks/ConfirmationBlock.js",
				"i2d/mpe/operations/manages1/blocks/InspectionBlock.js",
				"i2d/mpe/operations/manages1/blocks/IssuesBlock.js",
				"i2d/mpe/operations/manages1/blocks/OperationDetailsHeader.fragment.xml",
				"i2d/mpe/operations/manages1/blocks/OperationInProgressBlock.js",
				"i2d/mpe/operations/manages1/blocks/OperationNotStartedBlock.js",
				"i2d/mpe/operations/manages1/controller/Object.controller.js",
				"sap/i2d/mpe/lib/commons1/blocks/ComponentsBlock.js",
				"sap/i2d/mpe/lib/commons1/blocks/OrderScheduleBlock.js",
				"sap/i2d/mpe/lib/qmcomps1/view/DefectsFragment/DefectMessageStrip.fragment.xml",
				"sap/i2d/mpe/lib/qmcomps1/view/DefectsFragment/defectRecordingList.fragment.xml",
				"sap/m/Button.js",
				"sap/m/Label.js",
				"sap/m/Text.js",
				"sap/m/VBox.js",
				"sap/m/semantic/FullscreenPage.js",
				"sap/ui/core/Fragment.js",
				"sap/ui/core/mvc/XMLView.js",
				"sap/uxap/ObjectPageHeader.js",
				"sap/uxap/ObjectPageLayout.js",
				"sap/uxap/ObjectPageSection.js",
				"sap/uxap/ObjectPageSubSection.js"
			]
		},
		{
			"name": "view/ObjectNotFound.view.xml",
			"module": "i2d/mpe/operations/manages1/view/ObjectNotFound.view.xml",
			"required": [
				"i2d/mpe/operations/manages1/controller/NotFound.controller.js",
				"sap/m/Link.js",
				"sap/m/MessagePage.js",
				"sap/ui/core/mvc/XMLView.js"
			]
		},
		{
			"name": "view/Worklist.view.xml",
			"module": "i2d/mpe/operations/manages1/view/Worklist.view.xml",
			"required": [
				"i2d/mpe/operations/manages1/controller/Worklist.controller.js",
				"sap/f/DynamicPage.js",
				"sap/f/DynamicPageHeader.js",
				"sap/f/DynamicPageTitle.js",
				"sap/m/Button.js",
				"sap/m/Column.js",
				"sap/m/ColumnListItem.js",
				"sap/m/HBox.js",
				"sap/m/Label.js",
				"sap/m/Link.js",
				"sap/m/MultiComboBox.js",
				"sap/m/OverflowToolbar.js",
				"sap/m/ProgressIndicator.js",
				"sap/m/Select.js",
				"sap/m/Table.js",
				"sap/m/Text.js",
				"sap/m/ToolbarSpacer.js",
				"sap/m/VBox.js",
				"sap/m/semantic/FullscreenPage.js",
				"sap/ui/comp/smartfilterbar/ControlConfiguration.js",
				"sap/ui/comp/smartfilterbar/SmartFilterBar.js",
				"sap/ui/comp/smarttable/SmartTable.js",
				"sap/ui/comp/smartvariants/SmartVariantManagement.js",
				"sap/ui/core/CustomData.js",
				"sap/ui/core/Icon.js",
				"sap/ui/core/Item.js",
				"sap/ui/core/mvc/XMLView.js"
			]
		}
	]
}