<?xml version="1.0" encoding="UTF-8"?>
<!--

    Copyright (C) 2009-2019 SAP SE or an SAP affiliate company. All rights reserved.

-->
<edmx:Edmx Version="1.0" xmlns:edmx="http://schemas.microsoft.com/ado/2007/06/edmx" xmlns:m="http://schemas.microsoft.com/ado/2007/08/dataservices/metadata" xmlns:sap="http://www.sap.com/Protocols/SAPData">
	<edmx:DataServices m:DataServiceVersion="2.0">
		<Schema Namespace="MPE_DOCUMENT_LIST_SRV" sap:schema-version="1" xml:lang="en" xmlns="http://schemas.microsoft.com/ado/2008/09/edm">
			<EntityType Name="OriginalContent" sap:content-version="1">
				<Key><PropertyRef Name="Documenttype"/><PropertyRef Name="Documentnumber"/><PropertyRef Name="Documentpart"/><PropertyRef Name="Documentversion"/></Key><Property Name="Deletevalue" Nullable="false" Type="Edm.Boolean" sap:creatable="false" sap:filterable="false" sap:label="Deletion Ind." sap:sortable="false" sap:unicode="false" sap:updatable="false"/><Property MaxLength="3" Name="Documenttype" Nullable="false" Type="Edm.String" sap:creatable="false" sap:filterable="false" sap:label="Document Type" sap:sortable="false" sap:unicode="false" sap:updatable="false"/><Property MaxLength="25" Name="Documentnumber" Nullable="false" Type="Edm.String" sap:creatable="false" sap:filterable="false" sap:label="Document" sap:sortable="false" sap:unicode="false" sap:updatable="false"/><Property MaxLength="3" Name="Documentpart" Nullable="false" Type="Edm.String" sap:creatable="false" sap:filterable="false" sap:label="Document part" sap:sortable="false" sap:unicode="false" sap:updatable="false"/><Property MaxLength="2" Name="Documentversion" Nullable="false" Type="Edm.String" sap:creatable="false" sap:filterable="false" sap:label="Doc. version" sap:sortable="false" sap:unicode="false" sap:updatable="false"/><Property MaxLength="5" Name="Originaltype" Nullable="false" Type="Edm.String" sap:creatable="false" sap:filterable="false" sap:label="AppNo." sap:sortable="false" sap:unicode="false" sap:updatable="false"/><Property MaxLength="10" Name="Sourcedatacarrier" Nullable="false" Type="Edm.String" sap:creatable="false" sap:filterable="false" sap:label="Data Carrier" sap:sortable="false" sap:unicode="false" sap:updatable="false"/><Property MaxLength="10" Name="Storagecategory" Nullable="false" Type="Edm.String" sap:creatable="false" sap:filterable="false" sap:label="Storage cat." sap:sortable="false" sap:unicode="false" sap:updatable="false"/><Property MaxLength="3" Name="Wsapplication" Nullable="false" Type="Edm.String" sap:creatable="false" sap:filterable="false" sap:label="Applic." sap:sortable="false" sap:unicode="false" sap:updatable="false"/><Property MaxLength="255" Name="Docpath" Nullable="false" Type="Edm.String" sap:creatable="false" sap:filterable="false" sap:label="Path" sap:sortable="false" sap:unicode="false" sap:updatable="false"/><Property MaxLength="255" Name="Filename" Nullable="false" Type="Edm.String" sap:creatable="false" sap:filterable="false" sap:label="Original" sap:sortable="false" sap:unicode="false" sap:updatable="false"/><Property MaxLength="2" Name="Statusintern" Nullable="false" Type="Edm.String" sap:creatable="false" sap:filterable="false" sap:label="Document Status" sap:sortable="false" sap:unicode="false" sap:updatable="false"/><Property MaxLength="2" Name="Statusextern" Nullable="false" Type="Edm.String" sap:creatable="false" sap:filterable="false" sap:label="Status" sap:sortable="false" sap:unicode="false" sap:updatable="false"/><Property MaxLength="20" Name="Statuslog" Nullable="false" Type="Edm.String" sap:creatable="false" sap:filterable="false" sap:label="Log field" sap:sortable="false" sap:unicode="false" sap:updatable="false"/><Property MaxLength="32" Name="ApplicationId" Nullable="false" Type="Edm.String" sap:creatable="false" sap:filterable="false" sap:label="Log. document" sap:sortable="false" sap:unicode="false" sap:updatable="false"/><Property MaxLength="32" Name="FileId" Nullable="false" Type="Edm.String" sap:creatable="false" sap:filterable="false" sap:label="Phys. Document" sap:sortable="false" sap:unicode="false" sap:updatable="false"/><Property MaxLength="40" Name="Description" Nullable="false" Type="Edm.String" sap:creatable="false" sap:filterable="false" sap:label="Description" sap:sortable="false" sap:unicode="false" sap:updatable="false"/><Property MaxLength="2" Name="Language" Nullable="false" Type="Edm.String" sap:creatable="false" sap:filterable="false" sap:label="Language" sap:sortable="false" sap:unicode="false" sap:updatable="false"/><Property Name="Checkedin" Nullable="false" Type="Edm.Boolean" sap:creatable="false" sap:filterable="false" sap:label="Checked in" sap:sortable="false" sap:unicode="false" sap:updatable="false"/><Property Name="ActiveVersion" Nullable="false" Type="Edm.Boolean" sap:creatable="false" sap:filterable="false" sap:label="Active version" sap:sortable="false" sap:unicode="false" sap:updatable="false"/><Property Name="CreatedAt" Precision="0" Type="Edm.DateTime" sap:creatable="false" sap:filterable="false" sap:label="Last Changed At" sap:sortable="false" sap:unicode="false" sap:updatable="false"/><Property Name="ChangedAt" Precision="0" Type="Edm.DateTime" sap:creatable="false" sap:filterable="false" sap:label="Last Changed At" sap:sortable="false" sap:unicode="false" sap:updatable="false"/><Property MaxLength="12" Name="CreatedBy" Nullable="false" Type="Edm.String" sap:creatable="false" sap:filterable="false" sap:label="User" sap:sortable="false" sap:unicode="false" sap:updatable="false"/><Property MaxLength="12" Name="ChangedBy" Nullable="false" Type="Edm.String" sap:creatable="false" sap:filterable="false" sap:label="User" sap:sortable="false" sap:unicode="false" sap:updatable="false"/><Property MaxLength="50" Name="ContentDescription" Nullable="false" Type="Edm.String" sap:creatable="false" sap:filterable="false" sap:label="Log field" sap:sortable="false" sap:unicode="false" sap:updatable="false"/><Property MaxLength="128" Name="ContentType" Nullable="false" Type="Edm.String" sap:creatable="false" sap:filterable="false" sap:label="Content Type" sap:sortable="false" sap:unicode="false" sap:updatable="false"/><Property MaxLength="12" Name="Filesize" Nullable="false" Type="Edm.String" sap:creatable="false" sap:filterable="false" sap:label="File Size" sap:sortable="false" sap:unicode="false" sap:updatable="false"/><Property MaxLength="80" Name="FullName" Nullable="false" Type="Edm.String" sap:creatable="false" sap:filterable="false" sap:label="Full Name" sap:sortable="false" sap:unicode="false" sap:updatable="false"/></EntityType>
			<EntityContainer Name="MPE_DOCUMENT_LIST_SRV_Entities" m:IsDefaultEntityContainer="true" sap:supported-formats="atom json xlsx"><EntitySet EntityType="MPE_DOCUMENT_LIST_SRV.OriginalContent" Name="OriginalContentSet" sap:addressable="false" sap:content-version="1" sap:creatable="false" sap:deletable="false" sap:pageable="false" sap:updatable="false"/>
				<FunctionImport EntitySet="OriginalContentSet" Name="GetAllOriginals" ReturnType="Collection(MPE_DOCUMENT_LIST_SRV.OriginalContent)" m:HttpMethod="GET"><Parameter MaxLength="3" Mode="In" Name="Documenttype" Type="Edm.String"/><Parameter MaxLength="25" Mode="In" Name="Documentnumber" Type="Edm.String"/><Parameter MaxLength="3" Mode="In" Name="Documentpart" Type="Edm.String"/><Parameter MaxLength="2" Mode="In" Name="Documentversion" Type="Edm.String"/></FunctionImport>
			</EntityContainer><atom:link href="./sap/MPE_DOCUMENT_LIST_SRV/$metadata" rel="self" xmlns:atom="http://www.w3.org/2005/Atom"/><atom:link href="./sap/MPE_DOCUMENT_LIST_SRV/$metadata" rel="latest-version" xmlns:atom="http://www.w3.org/2005/Atom"/></Schema>
	</edmx:DataServices>
</edmx:Edmx>