<!--

    Copyright (C) 2009-2019 SAP SE or an SAP affiliate company. All rights reserved.

-->
<mvc:View controllerName="i2d.mpe.operations.manages1.blocks.InspectionBlockController" xmlns:mvc="sap.ui.core.mvc"
	xmlns:smartTable="sap.ui.comp.smarttable" xmlns:customData="http://schemas.sap.com/sapui5/extension/sap.ui.core.CustomData/1"
	xmlns:layout="sap.ui.layout" xmlns:core="sap.ui.core" xmlns:form="sap.ui.layout.form" xmlns="sap.m">
	<smartTable:SmartTable demandPopin="true" beforeRebindTable="onHandleRebindInspectionLotBlock" enableAutoBinding="{DetailModel>/bEnableAutoBinding}"  header="{i18n>InspectionLots}"
		entitySet="C_Inspectionoperation" id="idInspectionBlockSmartTable" persistencyKey='pKeyInspectTab' width="100%"
		showRowCount="false" tableType="ResponsiveTable" useExportToExcel="true" useTablePersonalisation="true" 
		useVariantManagement="false">
		 <smartTable:customData> 
				<core:CustomData key="p13nDialogSettings" value='\{"filter":\{"visible": false\}\}'/>
		</smartTable:customData>
		<Table fixedLayout="false" id="idInspectionBlockTable" growing="true" growingThreshold="10" itemPress="handleInspectionLotSelect">
			<!--itemPress="handleInspectionLotSelect">-->
			<columns>
				<Column 
					customData:p13nData='\{"columnKey":"InspectionLot", "leadingProperty":["InspectionLot","ManufacturingOrder"]\}'>
					<header>
						<Text text="{i18n>InspectionLotNo}" tooltip="{i18n>InspectionLotNo}"/>
					</header>
				</Column>
				<Column 
					customData:p13nData='\{"columnKey":"InspectionOperation", "leadingProperty":["InspectionOperation"] \}'>
					<header>
						<Text text="{i18n>InspectionOper}" tooltip="{i18n>InspectionOper}"/>
					</header>
				</Column>
				<Column hAlign="End" visible="false" 
					customData:p13nData='\{"columnKey":"InspectionLotQuantity", "leadingProperty":["InspectionLotQuantity"] \}'>
					<header>
						<Text text="{i18n>InspectionLotQuantity}" tooltip="{i18n>InspectionLotQuantity}"/>
					</header>
				</Column>
				<Column hAlign="End" visible="false" 
					customData:p13nData='\{"columnKey":"InspectionLotActualQuantity", "leadingProperty":["InspectionLotActualQuantity"] \}'>
					<header>
						<Text text="{i18n>InspectionLotActualQuantity}" tooltip="{i18n>InspectionLotActualQuantity}"/>
					</header>
				</Column>
				<Column hAlign="Begin" 
					customData:p13nData='\{"columnKey":"InspectionLotType", "leadingProperty":["InspectionLotType","InspectionLotTypeText"] \}'>
					<header>
						<Text text="{i18n>InspectionLotType}" tooltip="{i18n>InspectionLotType}"/>
					</header>
				</Column>
				<Column hAlign="End" 
					customData:p13nData='\{"columnKey":"InspCharacteristicCount", "leadingProperty":["InspCharacteristicCount"] \}'>
					<header>
						<Text text="{i18n>InspCharacteristicCount}" tooltip="{i18n>InspCharacteristicCount}"/>
					</header>
				</Column>
				<Column hAlign="End" 
					customData:p13nData='\{"columnKey":"InspCharcsCompletedInPercent", "leadingProperty":["InspCharcsCompletedInPercent","InspCharOpenCount","InspCharacteristicCount","InspCharCount"] \}'>
					<header>
						<Text text="{i18n>InspCharcsCompletedInPercent}" tooltip="{i18n>InspCharcsCompletedInPercent}"/>
					</header>
				</Column>
			</columns>
			<ColumnListItem type="Navigation">
				<cells>
					<VBox class="sapUiTinyMarginTopBottom">
						<ObjectIdentifier title="{InspectionLot}" titleActive="false" tooltip="{InspectionLot}"/>
						<!--<Text text="{InspectionLot}" press="handleInspectionLotPress" tooltip="{InspectionLot}"></Text>-->
					</VBox>
					<HBox >
						<!--<Link text="{InspectionOperation}" press="handleInspectionLotSelect" tooltip="{InspectionOperation}"></Link>-->
						<Text class="sapUiTinyMarginBegin" text="{InspectionOperation}" tooltip="{InspectionOperation}"></Text>
					</HBox>
					<HBox justifyContent="End">
						<Text class="sapUiTinyMarginBegin" text="{InspectionLotQuantity}" tooltip="{InspectionLotQuantity}"></Text>
					</HBox>
					<HBox justifyContent="End">
						<Text class="sapUiTinyMarginBegin" text="{InspectionLotActualQuantity}" tooltip="{InspectionLotActualQuantity}"></Text>
					</HBox>
					<HBox justifyContent="Start">
						<Text class="sapUiTinyMarginEnd" text="{parts:[{path:'InspectionLotTypeText'},{path:'InspectionLotType'}], formatter:'.formatter.getCombineDescriptionWithId'}" tooltip="{InspectionLotType}"></Text>
					</HBox>
					<HBox justifyContent="End">
						<Text class="sapUiTinyMarginBegin" text="{InspCharacteristicCount}"></Text>
					</HBox>
					<HBox justifyContent="End">
						<!--<Text class="sapUiTinyMarginBegin" text="{InspCharcsCompletedInPercent}" tooltip="{InspCharcsCompletedInPercent}"></Text>-->
						<ProgressIndicator visible="true" class="sapUiTinyMarginTop" 
							displayValue="{parts:[{path:'InspCharCount'}, {path:'InspCharacteristicCount'}], formatter: '.formatter.progressDisplayValue' }"
							percentValue="{parts:[{path:'InspCharcsCompletedInPercent'}], formatter: '.formatter.setPercentValue'}"
							showValue="true"
							state="Success"/>
					</HBox>
				</cells>
			</ColumnListItem>
		</Table>
	</smartTable:SmartTable>
</mvc:View>