<?xml version="1.0" encoding="UTF-8"?>
<!--

    Copyright (C) 2009-2019 SAP SE or an SAP affiliate company. All rights reserved.

-->
<edmx:Edmx Version="1.0" xmlns:edmx="http://schemas.microsoft.com/ado/2007/06/edmx" xmlns:m="http://schemas.microsoft.com/ado/2007/08/dataservices/metadata" xmlns:sap="http://www.sap.com/Protocols/SAPData">
    <edmx:Reference Uri="./IWFND/CATALOGSERVICE;v=2/Vocabularies(TechnicalName='%2FIWBEP%2FVOC_COMMON',Version='0001',SAP__Origin='LOCAL')/$value" xmlns:edmx="http://docs.oasis-open.org/odata/ns/edmx">
        <edmx:Include Alias="Common" Namespace="com.sap.vocabularies.Common.v1"/>
    </edmx:Reference>
    <edmx:DataServices m:DataServiceVersion="2.0">
        <Schema Namespace="PRODORD_POVER" sap:schema-version="1" xml:lang="en" xmlns="http://schemas.microsoft.com/ado/2008/09/edm">
            <EntityType Name="C_PRODORDPOVERType" sap:content-version="1" sap:label="PopOver for Production Order">
                <Key>
                    <PropertyRef Name="ManufacturingOrder"/>
                </Key>
                <Property MaxLength="12" Name="ManufacturingOrder" Nullable="false" Type="Edm.String" sap:display-format="UpperCase" sap:label="Manufacturing Order"/>
                <Property MaxLength="4" Name="ManufacturingOrderType" Type="Edm.String" sap:display-format="UpperCase" sap:label="Order Type"/>
                <Property Name="MfgOrderScheduledStartDate" Precision="0" Type="Edm.DateTime" sap:display-format="Date" sap:label="Scheduled Start Date"/>
                <Property Name="MfgOrderScheduledStartTime" Precision="0" Type="Edm.Time" sap:label="Scheduled Start Time"/>
                <Property Name="MfgOrderScheduledReleaseDate" Precision="0" Type="Edm.DateTime" sap:display-format="Date" sap:label="Schedld Release Date"/>
                <Property Name="MfgOrderActualStartDate" Precision="0" Type="Edm.DateTime" sap:display-format="Date" sap:label="Actual Start Date"/>
                <Property Name="MfgOrderActualStartTime" Precision="0" Type="Edm.Time" sap:label="Actual Start Time"/>
                <Property Name="MfgOrderActualEndDate" Precision="0" Type="Edm.DateTime" sap:display-format="Date" sap:label="Actual End Date"/>
                <Property Name="MfgOrderConfirmedEndDate" Precision="0" Type="Edm.DateTime" sap:display-format="Date" sap:label="Confirmed End Date"/>
                <Property Name="MfgOrderConfirmedEndTime" Precision="0" Type="Edm.Time" sap:label="Confirmed End Time"/>
                <Property Name="MaterialGoodsReceiptDuration" Precision="3" Scale="0" Type="Edm.Decimal" sap:label="GR processing time"/>
                <Property MaxLength="40" Name="Material" Type="Edm.String" sap:display-format="UpperCase" sap:label="Material"/>
                <Property Name="MfgOrderPlannedScrapQty" Precision="13" Scale="3" Type="Edm.Decimal" sap:label="Scrap Quantity" sap:unit="ProductionUnit"/>
                <Property Name="MfgOrderItemGoodsReceiptQty" Precision="13" Scale="3" Type="Edm.Decimal" sap:label="GR Quantity" sap:unit="ProductionUnit"/>
                <Property MaxLength="4" Name="ProductionVersion" Type="Edm.String" sap:display-format="UpperCase" sap:label="Production Version"/>
                <Property MaxLength="8" Name="ProductionLine" Type="Edm.String" sap:display-format="UpperCase" sap:label="Production Line"/>
                <Property MaxLength="12" Name="MfgOrderSuperiorMfgOrder" Type="Edm.String" sap:display-format="UpperCase" sap:label="Superior order"/>
                <Property MaxLength="10" Name="SalesOrder" Type="Edm.String" sap:display-format="UpperCase" sap:label="Sales Order"/>
                <Property MaxLength="10" Name="Customer" Type="Edm.String" sap:display-format="UpperCase" sap:label="Customer"/>
                <Property MaxLength="80" Name="FullName" Type="Edm.String" sap:label="Fullname"/>
                <Property MaxLength="24" Name="WBSElementInternalID" Type="Edm.String" sap:display-format="NonNegative" sap:label="WBS Element Internal"/>
                <Property MaxLength="24" Name="ProjectInternalID" Type="Edm.String" sap:display-format="NonNegative" sap:label="Current proj no"/>
                <Property MaxLength="40" Name="MaterialName" Type="Edm.String" sap:label="Material Description"/>
                <Property MaxLength="3" Name="ProductionUnit" Type="Edm.String" sap:label="Production Unit" sap:semantics="unit-of-measure"/>
                <Property Name="MfgOrderPlannedTotalQty" Precision="13" Scale="3" Type="Edm.Decimal" sap:label="Total Quantity" sap:unit="ProductionUnit"/>
                <Property MaxLength="1" Name="ManufacturingOrderImportance" Type="Edm.String" sap:display-format="UpperCase" sap:label="Order Importance"/>
                <Property Name="MaterialComponentIsMissing" Type="Edm.Boolean" sap:display-format="UpperCase" sap:label="Missing Part"/>
                <Property MaxLength="3" Name="ProductionSupervisor" Type="Edm.String" sap:display-format="UpperCase" sap:label="Prodn Supervisor"/>
                <Property MaxLength="30" Name="ProductionSupervisorName" Type="Edm.String" sap:label="Prodn Superv. Name"/>
            </EntityType>
            <EntityContainer Name="PRODORD_POVER_Entities" m:IsDefaultEntityContainer="true" sap:supported-formats="atom json xlsx">
                <EntitySet EntityType="PRODORD_POVER.C_PRODORDPOVERType" Name="C_PRODORDPOVER" sap:content-version="1" sap:creatable="false" sap:deletable="false" sap:updatable="false"/>
            </EntityContainer>
            <atom:link href="./sap/PRODORD_POVER/$metadata" rel="self" xmlns:atom="http://www.w3.org/2005/Atom"/>
                <atom:link href="./sap/PRODORD_POVER/$metadata" rel="latest-version" xmlns:atom="http://www.w3.org/2005/Atom"/>
                </Schema>
            </edmx:DataServices>
        </edmx:Edmx>